index	subject	issuer	serial	not_before	not_after	sha256_fingerprint	der_sha256
000.pem	C = BE, O = GlobalSign nv-sa, OU = Root CA, CN = GlobalSign Root CA	C = BE, O = GlobalSign nv-sa, OU = Root CA, CN = GlobalSign Root CA	040000000001154B5AC394	Sep  1 12:00:00 1998 GMT	Jan 28 12:00:00 2028 GMT	EB:D4:10:40:E4:BB:3E:C7:42:C9:E3:81:D3:1E:F2:A4:1A:48:B6:68:5C:96:E7:CE:F3:C1:DF:6C:D4:33:1C:99	ebd41040e4bb3ec742c9e381d31ef2a41a48b6685c96e7cef3c1df6cd4331c99
001.pem	OU = GlobalSign Root CA - R2, O = GlobalSign, CN = GlobalSign	OU = GlobalSign Root CA - R2, O = GlobalSign, CN = GlobalSign	0400000000010F8626E60D	Dec 15 08:00:00 2006 GMT	Dec 15 08:00:00 2021 GMT	CA:42:DD:41:74:5F:D0:B8:1E:B9:02:36:2C:F9:D8:BF:71:9D:A1:BD:1B:1E:FC:94:6F:5B:4C:99:F4:2C:1B:9E	ca42dd41745fd0b81eb902362cf9d8bf719da1bd1b1efc946f5b4c99f42c1b9e
002.pem	"C = US, O = ""VeriSign, Inc."", OU = VeriSign Trust Network, OU = ""(c) 1999 VeriSign, Inc. - For authorized use only"", CN = VeriSign Class 3 Public Primary Certification Authority - G3"	"C = US, O = ""VeriSign, Inc."", OU = VeriSign Trust Network, OU = ""(c) 1999 VeriSign, Inc. - For authorized use only"", CN = VeriSign Class 3 Public Primary Certification Authority - G3"	9B7E0649A33E62B9D5EE90487129EF57	Oct  1 00:00:00 1999 GMT	Jul 16 23:59:59 2036 GMT	EB:04:CF:5E:B1:F3:9A:FA:76:2F:2B:B1:20:F2:96:CB:A5:20:C1:B9:7D:B1:58:95:65:B8:1C:B9:A1:7B:72:44	eb04cf5eb1f39afa762f2bb120f296cba520c1b97db1589565b81cb9a17b7244
003.pem	O = Entrust.net, OU = www.entrust.net/CPS_2048 incorp. by ref. (limits liab.), OU = (c) 1999 Entrust.net Limited, CN = Entrust.net Certification Authority (2048)	O = Entrust.net, OU = www.entrust.net/CPS_2048 incorp. by ref. (limits liab.), OU = (c) 1999 Entrust.net Limited, CN = Entrust.net Certification Authority (2048)	3863DEF8	Dec 24 17:50:51 1999 GMT	Jul 24 14:15:12 2029 GMT	6D:C4:71:72:E0:1C:BC:B0:BF:62:58:0D:89:5F:E2:B8:AC:9A:D4:F8:73:80:1E:0C:10:B9:C8:37:D2:1E:B1:77	6dc47172e01cbcb0bf62580d895fe2b8ac9ad4f873801e0c10b9c837d21eb177
004.pem	C = IE, O = Baltimore, OU = CyberTrust, CN = Baltimore CyberTrust Root	C = IE, O = Baltimore, OU = CyberTrust, CN = Baltimore CyberTrust Root	020000B9	May 12 18:46:00 2000 GMT	May 12 23:59:00 2025 GMT	16:AF:57:A9:F6:76:B0:AB:12:60:95:AA:5E:BA:DE:F2:2A:B3:11:19:D6:44:AC:95:CD:4B:93:DB:F3:F2:6A:EB	16af57a9f676b0ab126095aa5ebadef22ab31119d644ac95cd4b93dbf3f26aeb
005.pem	C = SE, O = AddTrust AB, OU = AddTrust External TTP Network, CN = AddTrust External CA Root	C = SE, O = AddTrust AB, OU = AddTrust External TTP Network, CN = AddTrust External CA Root	01	May 30 10:48:38 2000 GMT	May 30 10:48:38 2020 GMT	68:7F:A4:51:38:22:78:FF:F0:C8:B1:1F:8D:43:D5:76:67:1C:6E:B2:BC:EA:B4:13:FB:83:D9:65:D0:6D:2F:F2	687fa451382278fff0c8b11f8d43d576671c6eb2bceab413fb83d965d06d2ff2
006.pem	"C = US, O = ""Entrust, Inc."", OU = www.entrust.net/CPS is incorporated by reference, OU = ""(c) 2006 Entrust, Inc."", CN = Entrust Root Certification Authority"	"C = US, O = ""Entrust, Inc."", OU = www.entrust.net/CPS is incorporated by reference, OU = ""(c) 2006 Entrust, Inc."", CN = Entrust Root Certification Authority"	456B5054	Nov 27 20:23:42 2006 GMT	Nov 27 20:53:42 2026 GMT	73:C1:76:43:4F:1B:C6:D5:AD:F4:5B:0E:76:E7:27:28:7C:8D:E5:76:16:C1:E6:E6:14:1A:2B:2C:BC:7D:8E:4C	73c176434f1bc6d5adf45b0e76e727287c8de57616c1e6e6141a2b2cbc7d8e4c
007.pem	C = US, O = GeoTrust Inc., CN = GeoTrust Global CA	C = US, O = GeoTrust Inc., CN = GeoTrust Global CA	023456	May 21 04:00:00 2002 GMT	May 21 04:00:00 2022 GMT	FF:85:6A:2D:25:1D:CD:88:D3:66:56:F4:50:12:67:98:CF:AB:AA:DE:40:79:9C:72:2D:E4:D2:B5:DB:36:A7:3A	ff856a2d251dcd88d36656f450126798cfabaade40799c722de4d2b5db36a73a
008.pem	C = US, O = GeoTrust Inc., CN = GeoTrust Universal CA	C = US, O = GeoTrust Inc., CN = GeoTrust Universal CA	01	Mar  4 05:00:00 2004 GMT	Mar  4 05:00:00 2029 GMT	A0:45:9B:9F:63:B2:25:59:F5:FA:5D:4C:6D:B3:F9:F7:2F:F1:93:42:03:35:78:F0:73:BF:1D:1B:46:CB:B9:12	a0459b9f63b22559f5fa5d4c6db3f9f72ff19342033578f073bf1d1b46cbb912
009.pem	C = US, O = GeoTrust Inc., CN = GeoTrust Universal CA 2	C = US, O = GeoTrust Inc., CN = GeoTrust Universal CA 2	01	Mar  4 05:00:00 2004 GMT	Mar  4 05:00:00 2029 GMT	A0:23:4F:3B:C8:52:7C:A5:62:8E:EC:81:AD:5D:69:89:5D:A5:68:0D:C9:1D:1C:B8:47:7F:33:F8:78:B9:5B:0B	a0234f3bc8527ca5628eec81ad5d69895da5680dc91d1cb8477f33f878b95b0b
010.pem	C = US, O = VISA, OU = Visa International Service Association, CN = Visa eCommerce Root	C = US, O = VISA, OU = Visa International Service Association, CN = Visa eCommerce Root	1386354D1D3F06F2C1F96505D5901C62	Jun 26 02:18:36 2002 GMT	Jun 24 00:16:12 2022 GMT	69:FA:C9:BD:55:FB:0A:C7:8D:53:BB:EE:5C:F1:D5:97:98:9F:D0:AA:AB:20:A2:51:51:BD:F1:73:3E:E7:D1:22	69fac9bd55fb0ac78d53bbee5cf1d597989fd0aaab20a25151bdf1733ee7d122
011.pem	C = GB, ST = Greater Manchester, L = Salford, O = Comodo CA Limited, CN = AAA Certificate Services	C = GB, ST = Greater Manchester, L = Salford, O = Comodo CA Limited, CN = AAA Certificate Services	01	Jan  1 00:00:00 2004 GMT	Dec 31 23:59:59 2028 GMT	D7:A7:A0:FB:5D:7E:27:31:D7:71:E9:48:4E:BC:DE:F7:1D:5F:0C:3E:0A:29:48:78:2B:C8:3E:E0:EA:69:9E:F4	d7a7a0fb5d7e2731d771e9484ebcdef71d5f0c3e0a2948782bc83ee0ea699ef4
012.pem	C = BM, O = QuoVadis Limited, OU = Root Certification Authority, CN = QuoVadis Root Certification Authority	C = BM, O = QuoVadis Limited, OU = Root Certification Authority, CN = QuoVadis Root Certification Authority	3AB6508B	Mar 19 18:33:33 2001 GMT	Mar 17 18:33:33 2021 GMT	A4:5E:DE:3B:BB:F0:9C:8A:E1:5C:72:EF:C0:72:68:D6:93:A2:1C:99:6F:D5:1E:67:CA:07:94:60:FD:6D:88:73	a45ede3bbbf09c8ae15c72efc07268d693a21c996fd51e67ca079460fd6d8873
013.pem	C = BM, O = QuoVadis Limited, CN = QuoVadis Root CA 2	C = BM, O = QuoVadis Limited, CN = QuoVadis Root CA 2	0509	Nov 24 18:27:00 2006 GMT	Nov 24 18:23:33 2031 GMT	85:A0:DD:7D:D7:20:AD:B7:FF:05:F8:3D:54:2B:20:9D:C7:FF:45:28:F7:D6:77:B1:83:89:FE:A5:E5:C4:9E:86	85a0dd7dd720adb7ff05f83d542b209dc7ff4528f7d677b18389fea5e5c49e86
014.pem	C = BM, O = QuoVadis Limited, CN = QuoVadis Root CA 3	C = BM, O = QuoVadis Limited, CN = QuoVadis Root CA 3	05C6	Nov 24 19:11:23 2006 GMT	Nov 24 19:06:44 2031 GMT	18:F1:FC:7F:20:5D:F8:AD:DD:EB:7F:E0:07:DD:57:E3:AF:37:5A:9C:4D:8D:73:54:6B:F4:F1:FE:D1:E1:8D:35	18f1fc7f205df8adddeb7fe007dd57e3af375a9c4d8d73546bf4f1fed1e18d35
015.pem	C = JP, O = SECOM Trust.net, OU = Security Communication RootCA1	C = JP, O = SECOM Trust.net, OU = Security Communication RootCA1	00	Sep 30 04:20:49 2003 GMT	Sep 30 04:20:49 2023 GMT	E7:5E:72:ED:9F:56:0E:EC:6E:B4:80:00:73:A4:3F:C3:AD:19:19:5A:39:22:82:01:78:95:97:4A:99:02:6B:6C	e75e72ed9f560eec6eb4800073a43fc3ad19195a392282017895974a99026b6c
016.pem	C = FI, O = Sonera, CN = Sonera Class2 CA	C = FI, O = Sonera, CN = Sonera Class2 CA	1D	Apr  6 07:29:40 2001 GMT	Apr  6 07:29:40 2021 GMT	79:08:B4:03:14:C1:38:10:0B:51:8D:07:35:80:7F:FB:FC:F8:51:8A:00:95:33:71:05:BA:38:6B:15:3D:D9:27	7908b40314c138100b518d0735807ffbfcf8518a0095337105ba386b153dd927
017.pem	C = US, OU = www.xrampsecurity.com, O = XRamp Security Services Inc, CN = XRamp Global Certification Authority	C = US, OU = www.xrampsecurity.com, O = XRamp Security Services Inc, CN = XRamp Global Certification Authority	50946CEC18EAD59C4DD597EF758FA0AD	Nov  1 17:14:04 2004 GMT	Jan  1 05:37:19 2035 GMT	CE:CD:DC:90:50:99:D8:DA:DF:C5:B1:D2:09:B7:37:CB:E2:C1:8C:FB:2C:10:C0:FF:0B:CF:0D:32:86:FC:1A:A2	cecddc905099d8dadfc5b1d209b737cbe2c18cfb2c10c0ff0bcf0d3286fc1aa2
018.pem	"C = US, O = ""The Go Daddy Group, Inc."", OU = Go Daddy Class 2 Certification Authority"	"C = US, O = ""The Go Daddy Group, Inc."", OU = Go Daddy Class 2 Certification Authority"	00	Jun 29 17:06:20 2004 GMT	Jun 29 17:06:20 2034 GMT	C3:84:6B:F2:4B:9E:93:CA:64:27:4C:0E:C6:7C:1E:CC:5E:02:4F:FC:AC:D2:D7:40:19:35:0E:81:FE:54:6A:E4	c3846bf24b9e93ca64274c0ec67c1ecc5e024ffcacd2d74019350e81fe546ae4
019.pem	"C = US, O = ""Starfield Technologies, Inc."", OU = Starfield Class 2 Certification Authority"	"C = US, O = ""Starfield Technologies, Inc."", OU = Starfield Class 2 Certification Authority"	00	Jun 29 17:39:16 2004 GMT	Jun 29 17:39:16 2034 GMT	14:65:FA:20:53:97:B8:76:FA:A6:F0:A9:95:8E:55:90:E4:0F:CC:7F:AA:4F:B7:C2:C8:67:75:21:FB:5F:B6:58	1465fa205397b876faa6f0a9958e5590e40fcc7faa4fb7c2c8677521fb5fb658
020.pem	C = TW, O = Government Root Certification Authority	C = TW, O = Government Root Certification Authority	1F9D595AD72FC20644A5800869E35EF6	Dec  5 13:23:33 2002 GMT	Dec  5 13:23:33 2032 GMT	76:00:29:5E:EF:E8:5B:9E:1F:D6:24:DB:76:06:2A:AA:AE:59:81:8A:54:D2:77:4C:D4:C0:B2:C0:11:31:E1:B3	7600295eefe85b9e1fd624db76062aaaae59818a54d2774cd4c0b2c01131e1b3
021.pem	C = US, O = DigiCert Inc, OU = www.digicert.com, CN = DigiCert Assured ID Root CA	C = US, O = DigiCert Inc, OU = www.digicert.com, CN = DigiCert Assured ID Root CA	0CE7E0E517D846FE8FE560FC1BF03039	Nov 10 00:00:00 2006 GMT	Nov 10 00:00:00 2031 GMT	3E:90:99:B5:01:5E:8F:48:6C:00:BC:EA:9D:11:1E:E7:21:FA:BA:35:5A:89:BC:F1:DF:69:56:1E:3D:C6:32:5C	3e9099b5015e8f486c00bcea9d111ee721faba355a89bcf1df69561e3dc6325c
022.pem	C = US, O = DigiCert Inc, OU = www.digicert.com, CN = DigiCert Global Root CA	C = US, O = DigiCert Inc, OU = www.digicert.com, CN = DigiCert Global Root CA	083BE056904246B1A1756AC95991C74A	Nov 10 00:00:00 2006 GMT	Nov 10 00:00:00 2031 GMT	43:48:A0:E9:44:4C:78:CB:26:5E:05:8D:5E:89:44:B4:D8:4F:96:62:BD:26:DB:25:7F:89:34:A4:43:C7:01:61	4348a0e9444c78cb265e058d5e8944b4d84f9662bd26db257f8934a443c70161
023.pem	C = US, O = DigiCert Inc, OU = www.digicert.com, CN = DigiCert High Assurance EV Root CA	C = US, O = DigiCert Inc, OU = www.digicert.com, CN = DigiCert High Assurance EV Root CA	02AC5C266A0B409B8F0B79F2AE462577	Nov 10 00:00:00 2006 GMT	Nov 10 00:00:00 2031 GMT	74:31:E5:F4:C3:C1:CE:46:90:77:4F:0B:61:E0:54:40:88:3B:A9:A0:1E:D0:0B:A6:AB:D7:80:6E:D3:B1:18:CF	7431e5f4c3c1ce4690774f0b61e05440883ba9a01ed00ba6abd7806ed3b118cf
024.pem	C = FR, O = Certplus, CN = Class 2 Primary CA	C = FR, O = Certplus, CN = Class 2 Primary CA	85BD4BF3D8DAE369F694D75FC3A54423	Jul  7 17:05:00 1999 GMT	Jul  6 23:59:59 2019 GMT	0F:99:3C:8A:EF:97:BA:AF:56:87:14:0E:D5:9A:D1:82:1B:B4:AF:AC:F0:AA:9A:58:B5:D5:7A:33:8A:3A:FB:CB	0f993c8aef97baaf5687140ed59ad1821bb4afacf0aa9a58b5d57a338a3afbcb
025.pem	O = Digital Signature Trust Co., CN = DST Root CA X3	O = Digital Signature Trust Co., CN = DST Root CA X3	44AFB080D6A327BA893039862EF8406B	Sep 30 21:12:19 2000 GMT	Sep 30 14:01:15 2021 GMT	06:87:26:03:31:A7:24:03:D9:09:F1:05:E6:9B:CF:0D:32:E1:BD:24:93:FF:C6:D9:20:6D:11:BC:D6:77:07:39	0687260331a72403d909f105e69bcf0d32e1bd2493ffc6d9206d11bcd6770739
026.pem	C = CH, O = SwissSign AG, CN = SwissSign Gold CA - G2	C = CH, O = SwissSign AG, CN = SwissSign Gold CA - G2	BB401C43F55E4FB0	Oct 25 08:30:35 2006 GMT	Oct 25 08:30:35 2036 GMT	62:DD:0B:E9:B9:F5:0A:16:3E:A0:F8:E7:5C:05:3B:1E:CA:57:EA:55:C8:68:8F:64:7C:68:81:F2:C8:35:7B:95	62dd0be9b9f50a163ea0f8e75c053b1eca57ea55c8688f647c6881f2c8357b95
027.pem	C = CH, O = SwissSign AG, CN = SwissSign Silver CA - G2	C = CH, O = SwissSign AG, CN = SwissSign Silver CA - G2	4F1BD42F54BB2F4B	Oct 25 08:32:46 2006 GMT	Oct 25 08:32:46 2036 GMT	BE:6C:4D:A2:BB:B9:BA:59:B6:F3:93:97:68:37:42:46:C3:C0:05:99:3F:A9:8F:02:0D:1D:ED:BE:D4:8A:81:D5	be6c4da2bbb9ba59b6f3939768374246c3c005993fa98f020d1dedbed48a81d5
028.pem	C = US, O = GeoTrust Inc., CN = GeoTrust Primary Certification Authority	C = US, O = GeoTrust Inc., CN = GeoTrust Primary Certification Authority	18ACB56AFD69B6153A636CAFDAFAC4A1	Nov 27 00:00:00 2006 GMT	Jul 16 23:59:59 2036 GMT	37:D5:10:06:C5:12:EA:AB:62:64:21:F1:EC:8C:92:01:3F:C5:F8:2A:E9:8E:E5:33:EB:46:19:B8:DE:B4:D0:6C	37d51006c512eaab626421f1ec8c92013fc5f82ae98ee533eb4619b8deb4d06c
029.pem	"C = US, O = ""thawte, Inc."", OU = Certification Services Division, OU = ""(c) 2006 thawte, Inc. - For authorized use only"", CN = thawte Primary Root CA"	"C = US, O = ""thawte, Inc."", OU = Certification Services Division, OU = ""(c) 2006 thawte, Inc. - For authorized use only"", CN = thawte Primary Root CA"	344ED55720D5EDEC49F42FCE37DB2B6D	Nov 17 00:00:00 2006 GMT	Jul 16 23:59:59 2036 GMT	8D:72:2F:81:A9:C1:13:C0:79:1D:F1:36:A2:96:6D:B2:6C:95:0A:97:1D:B4:6B:41:99:F4:EA:54:B7:8B:FB:9F	8d722f81a9c113c0791df136a2966db26c950a971db46b4199f4ea54b78bfb9f
030.pem	"C = US, O = ""VeriSign, Inc."", OU = VeriSign Trust Network, OU = ""(c) 2006 VeriSign, Inc. - For authorized use only"", CN = VeriSign Class 3 Public Primary Certification Authority - G5"	"C = US, O = ""VeriSign, Inc."", OU = VeriSign Trust Network, OU = ""(c) 2006 VeriSign, Inc. - For authorized use only"", CN = VeriSign Class 3 Public Primary Certification Authority - G5"	18DAD19E267DE8BB4A2158CDCC6B3B4A	Nov  8 00:00:00 2006 GMT	Jul 16 23:59:59 2036 GMT	9A:CF:AB:7E:43:C8:D8:80:D0:6B:26:2A:94:DE:EE:E4:B4:65:99:89:C3:D0:CA:F1:9B:AF:64:05:E4:1A:B7:DF	9acfab7e43c8d880d06b262a94deeee4b4659989c3d0caf19baf6405e41ab7df
031.pem	C = US, O = SecureTrust Corporation, CN = SecureTrust CA	C = US, O = SecureTrust Corporation, CN = SecureTrust CA	0CF08E5C0816A5AD427FF0EB271859D0	Nov  7 19:31:18 2006 GMT	Dec 31 19:40:55 2029 GMT	F1:C1:B5:0A:E5:A2:0D:D8:03:0E:C9:F6:BC:24:82:3D:D3:67:B5:25:57:59:B4:E7:1B:61:FC:E9:F7:37:5D:73	f1c1b50ae5a20dd8030ec9f6bc24823dd367b5255759b4e71b61fce9f7375d73
032.pem	C = US, O = SecureTrust Corporation, CN = Secure Global CA	C = US, O = SecureTrust Corporation, CN = Secure Global CA	075622A4E8D48A894DF413C8F0F8EAA5	Nov  7 19:42:28 2006 GMT	Dec 31 19:52:06 2029 GMT	42:00:F5:04:3A:C8:59:0E:BB:52:7D:20:9E:D1:50:30:29:FB:CB:D4:1C:A1:B5:06:EC:27:F1:5A:DE:7D:AC:69	4200f5043ac8590ebb527d209ed1503029fbcbd41ca1b506ec27f15ade7dac69
033.pem	C = GB, ST = Greater Manchester, L = Salford, O = COMODO CA Limited, CN = COMODO Certification Authority	C = GB, ST = Greater Manchester, L = Salford, O = COMODO CA Limited, CN = COMODO Certification Authority	4E812D8A8265E00B02EE3E350246E53D	Dec  1 00:00:00 2006 GMT	Dec 31 23:59:59 2029 GMT	0C:2C:D6:3D:F7:80:6F:A3:99:ED:E8:09:11:6B:57:5B:F8:79:89:F0:65:18:F9:80:8C:86:05:03:17:8B:AF:66	0c2cd63df7806fa399ede809116b575bf87989f06518f9808c860503178baf66
034.pem	C = US, O = Network Solutions L.L.C., CN = Network Solutions Certificate Authority	C = US, O = Network Solutions L.L.C., CN = Network Solutions Certificate Authority	57CB336FC25C16E6471617E3903168E0	Dec  1 00:00:00 2006 GMT	Dec 31 23:59:59 2029 GMT	15:F0:BA:00:A3:AC:7A:F3:AC:88:4C:07:2B:10:11:A0:77:BD:77:C0:97:F4:01:64:B2:F8:59:8A:BD:83:86:0C	15f0ba00a3ac7af3ac884c072b1011a077bd77c097f40164b2f8598abd83860c
035.pem	C = GB, ST = Greater Manchester, L = Salford, O = COMODO CA Limited, CN = COMODO ECC Certification Authority	C = GB, ST = Greater Manchester, L = Salford, O = COMODO CA Limited, CN = COMODO ECC Certification Authority	1F47AFAA62007050544C019E9B63992A	Mar  6 00:00:00 2008 GMT	Jan 18 23:59:59 2038 GMT	17:93:92:7A:06:14:54:97:89:AD:CE:2F:8F:34:F7:F0:B6:6D:0F:3A:E3:A3:B8:4D:21:EC:15:DB:BA:4F:AD:C7	1793927a0614549789adce2f8f34f7f0b66d0f3ae3a3b84d21ec15dbba4fadc7
036.pem	C = CH, O = WISeKey, OU = Copyright (c) 2005, OU = OISTE Foundation Endorsed, CN = OISTE WISeKey Global Root GA CA	C = CH, O = WISeKey, OU = Copyright (c) 2005, OU = OISTE Foundation Endorsed, CN = OISTE WISeKey Global Root GA CA	413D72C7F46B1F81437DF1D22854DF9A	Dec 11 16:03:44 2005 GMT	Dec 11 16:09:51 2037 GMT	41:C9:23:86:6A:B4:CA:D6:B7:AD:57:80:81:58:2E:02:07:97:A6:CB:DF:4F:FF:78:CE:83:96:B3:89:37:D7:F5	41c923866ab4cad6b7ad578081582e020797a6cbdf4fff78ce8396b38937d7f5
037.pem	C = FR, O = Dhimyotis, CN = Certigna	C = FR, O = Dhimyotis, CN = Certigna	FEDCE3010FC948FF	Jun 29 15:13:05 2007 GMT	Jun 29 15:13:05 2027 GMT	E3:B6:A2:DB:2E:D7:CE:48:84:2F:7A:C5:32:41:C7:B7:1D:54:14:4B:FB:40:C1:1F:3F:1D:0B:42:F5:EE:A1:2D	e3b6a2db2ed7ce48842f7ac53241c7b71d54144bfb40c11f3f1d0b42f5eea12d
038.pem	C = DE, O = Deutsche Telekom AG, OU = T-TeleSec Trust Center, CN = Deutsche Telekom Root CA 2	C = DE, O = Deutsche Telekom AG, OU = T-TeleSec Trust Center, CN = Deutsche Telekom Root CA 2	26	Jul  9 12:11:00 1999 GMT	Jul  9 23:59:00 2019 GMT	B6:19:1A:50:D0:C3:97:7F:7D:A9:9B:CD:AA:C8:6A:22:7D:AE:B9:67:9E:C7:0B:A3:B0:C9:D9:22:71:C1:70:D3	b6191a50d0c3977f7da99bcdaac86a227daeb9679ec70ba3b0c9d92271c170d3
039.pem	"O = ""Cybertrust, Inc"", CN = Cybertrust Global Root"	"O = ""Cybertrust, Inc"", CN = Cybertrust Global Root"	0400000000010F85AA2D48	Dec 15 08:00:00 2006 GMT	Dec 15 08:00:00 2021 GMT	96:0A:DF:00:63:E9:63:56:75:0C:29:65:DD:0A:08:67:DA:0B:9C:BD:6E:77:71:4A:EA:FB:23:49:AB:39:3D:A3	960adf0063e96356750c2965dd0a0867da0b9cbd6e77714aeafb2349ab393da3
040.pem	"C = TW, O = ""Chunghwa Telecom Co., Ltd."", OU = ePKI Root Certification Authority"	"C = TW, O = ""Chunghwa Telecom Co., Ltd."", OU = ePKI Root Certification Authority"	15C8BD65475CAFB897005EE406D2BC9D	Dec 20 02:31:27 2004 GMT	Dec 20 02:31:27 2034 GMT	C0:A6:F4:DC:63:A2:4B:FD:CF:54:EF:2A:6A:08:2A:0A:72:DE:35:80:3E:2F:F5:FF:52:7A:E5:D8:72:06:DF:D5	c0a6f4dc63a24bfdcf54ef2a6a082a0a72de35803e2ff5ff527ae5d87206dfd5
041.pem	C = RO, O = certSIGN, OU = certSIGN ROOT CA	C = RO, O = certSIGN, OU = certSIGN ROOT CA	200605167002	Jul  4 17:20:04 2006 GMT	Jul  4 17:20:04 2031 GMT	EA:A9:62:C4:FA:4A:6B:AF:EB:E4:15:19:6D:35:1C:CD:88:8D:4F:53:F3:FA:8A:E6:D7:C4:66:A9:4E:60:42:BB	eaa962c4fa4a6bafebe415196d351ccd888d4f53f3fa8ae6d7c466a94e6042bb
042.pem	C = US, O = GeoTrust Inc., OU = (c) 2008 GeoTrust Inc. - For authorized use only, CN = GeoTrust Primary Certification Authority - G3	C = US, O = GeoTrust Inc., OU = (c) 2008 GeoTrust Inc. - For authorized use only, CN = GeoTrust Primary Certification Authority - G3	15AC6E9419B2794B41F627A9C3180F1F	Apr  2 00:00:00 2008 GMT	Dec  1 23:59:59 2037 GMT	B4:78:B8:12:25:0D:F8:78:63:5C:2A:A7:EC:7D:15:5E:AA:62:5E:E8:29:16:E2:CD:29:43:61:88:6C:D1:FB:D4	b478b812250df878635c2aa7ec7d155eaa625ee82916e2cd294361886cd1fbd4
043.pem	"C = US, O = ""thawte, Inc."", OU = ""(c) 2007 thawte, Inc. - For authorized use only"", CN = thawte Primary Root CA - G2"	"C = US, O = ""thawte, Inc."", OU = ""(c) 2007 thawte, Inc. - For authorized use only"", CN = thawte Primary Root CA - G2"	35FC265CD9844FC93D263D579BAED756	Nov  5 00:00:00 2007 GMT	Jan 18 23:59:59 2038 GMT	A4:31:0D:50:AF:18:A6:44:71:90:37:2A:86:AF:AF:8B:95:1F:FB:43:1D:83:7F:1E:56:88:B4:59:71:ED:15:57	a4310d50af18a6447190372a86afaf8b951ffb431d837f1e5688b45971ed1557
044.pem	"C = US, O = ""thawte, Inc."", OU = Certification Services Division, OU = ""(c) 2008 thawte, Inc. - For authorized use only"", CN = thawte Primary Root CA - G3"	"C = US, O = ""thawte, Inc."", OU = Certification Services Division, OU = ""(c) 2008 thawte, Inc. - For authorized use only"", CN = thawte Primary Root CA - G3"	600197B746A7EAB4B49AD64B2FF790FB	Apr  2 00:00:00 2008 GMT	Dec  1 23:59:59 2037 GMT	4B:03:F4:58:07:AD:70:F2:1B:FC:2C:AE:71:C9:FD:E4:60:4C:06:4C:F5:FF:B6:86:BA:E5:DB:AA:D7:FD:D3:4C	4b03f45807ad70f21bfc2cae71c9fde4604c064cf5ffb686bae5dbaad7fdd34c
045.pem	C = US, O = GeoTrust Inc., OU = (c) 2007 GeoTrust Inc. - For authorized use only, CN = GeoTrust Primary Certification Authority - G2	C = US, O = GeoTrust Inc., OU = (c) 2007 GeoTrust Inc. - For authorized use only, CN = GeoTrust Primary Certification Authority - G2	3CB2F4480A00E2FEEB243B5E603EC36B	Nov  5 00:00:00 2007 GMT	Jan 18 23:59:59 2038 GMT	5E:DB:7A:C4:3B:82:A0:6A:87:61:E8:D7:BE:49:79:EB:F2:61:1F:7D:D7:9B:F9:1C:1C:6B:56:6A:21:9E:D7:66	5edb7ac43b82a06a8761e8d7be4979ebf2611f7dd79bf91c1c6b566a219ed766
046.pem	"C = US, O = ""VeriSign, Inc."", OU = VeriSign Trust Network, OU = ""(c) 2008 VeriSign, Inc. - For authorized use only"", CN = VeriSign Universal Root Certification Authority"	"C = US, O = ""VeriSign, Inc."", OU = VeriSign Trust Network, OU = ""(c) 2008 VeriSign, Inc. - For authorized use only"", CN = VeriSign Universal Root Certification Authority"	401AC46421B31321030EBBE4121AC51D	Apr  2 00:00:00 2008 GMT	Dec  1 23:59:59 2037 GMT	23:99:56:11:27:A5:71:25:DE:8C:EF:EA:61:0D:DF:2F:A0:78:B5:C8:06:7F:4E:82:82:90:BF:B8:60:E8:4B:3C	2399561127a57125de8cefea610ddf2fa078b5c8067f4e828290bfb860e84b3c
047.pem	"C = US, O = ""VeriSign, Inc."", OU = VeriSign Trust Network, OU = ""(c) 2007 VeriSign, Inc. - For authorized use only"", CN = VeriSign Class 3 Public Primary Certification Authority - G4"	"C = US, O = ""VeriSign, Inc."", OU = VeriSign Trust Network, OU = ""(c) 2007 VeriSign, Inc. - For authorized use only"", CN = VeriSign Class 3 Public Primary Certification Authority - G4"	2F80FE238C0E220F486712289187ACB3	Nov  5 00:00:00 2007 GMT	Jan 18 23:59:59 2038 GMT	69:DD:D7:EA:90:BB:57:C9:3E:13:5D:C8:5E:A6:FC:D5:48:0B:60:32:39:BD:C4:54:FC:75:8B:2A:26:CF:7F:79	69ddd7ea90bb57c93e135dc85ea6fcd5480b603239bdc454fc758b2a26cf7f79
048.pem	C = HU, L = Budapest, O = NetLock Kft., OU = Tan\C3\BAs\C3\ADtv\C3\A1nykiad\C3\B3k (Certification Services), CN = NetLock Arany (Class Gold) F\C5\91tan\C3\BAs\C3\ADtv\C3\A1ny	C = HU, L = Budapest, O = NetLock Kft., OU = Tan\C3\BAs\C3\ADtv\C3\A1nykiad\C3\B3k (Certification Services), CN = NetLock Arany (Class Gold) F\C5\91tan\C3\BAs\C3\ADtv\C3\A1ny	49412CE40010	Dec 11 15:08:21 2008 GMT	Dec  6 15:08:21 2028 GMT	6C:61:DA:C3:A2:DE:F0:31:50:6B:E0:36:D2:A6:FE:40:19:94:FB:D1:3D:F9:C8:D4:66:59:92:74:C4:46:EC:98	6c61dac3a2def031506be036d2a6fe401994fbd13df9c8d466599274c446ec98
049.pem	C = NL, O = Staat der Nederlanden, CN = Staat der Nederlanden Root CA - G2	C = NL, O = Staat der Nederlanden, CN = Staat der Nederlanden Root CA - G2	98968C	Mar 26 11:18:17 2008 GMT	Mar 25 11:03:10 2020 GMT	66:8C:83:94:7D:A6:3B:72:4B:EC:E1:74:3C:31:A0:E6:AE:D0:DB:8E:C5:B3:1B:E3:77:BB:78:4F:91:B6:71:6F	668c83947da63b724bece1743c31a0e6aed0db8ec5b31be377bb784f91b6716f
050.pem	C = HK, O = Hongkong Post, CN = Hongkong Post Root CA 1	C = HK, O = Hongkong Post, CN = Hongkong Post Root CA 1	03E8	May 15 05:13:14 2003 GMT	May 15 04:52:29 2023 GMT	F9:E6:7D:33:6C:51:00:2A:C0:54:C6:32:02:2D:66:DD:A2:E7:E3:FF:F1:0A:D0:61:ED:31:D8:BB:B4:10:CF:B2	f9e67d336c51002ac054c632022d66dda2e7e3fff10ad061ed31d8bbb410cfb2
051.pem	"C = JP, O = ""Japan Certification Services, Inc."", CN = SecureSign RootCA11"	"C = JP, O = ""Japan Certification Services, Inc."", CN = SecureSign RootCA11"	01	Apr  8 04:56:47 2009 GMT	Apr  8 04:56:47 2029 GMT	BF:0F:EE:FB:9E:3A:58:1A:D5:F9:E9:DB:75:89:98:57:43:D2:61:08:5C:4D:31:4F:6F:5D:72:59:AA:42:16:12	bf0feefb9e3a581ad5f9e9db7589985743d261085c4d314f6f5d7259aa421612
052.pem	C = HU, L = Budapest, O = Microsec Ltd., CN = Microsec e-Szigno Root CA 2009, emailAddress = info@e-szigno.hu	C = HU, L = Budapest, O = Microsec Ltd., CN = Microsec e-Szigno Root CA 2009, emailAddress = info@e-szigno.hu	C27E43044E473F19	Jun 16 11:30:18 2009 GMT	Dec 30 11:30:18 2029 GMT	3C:5F:81:FE:A5:FA:B8:2C:64:BF:A2:EA:EC:AF:CD:E8:E0:77:FC:86:20:A7:CA:E5:37:16:3D:F3:6E:DB:F3:78	3c5f81fea5fab82c64bfa2eaecafcde8e077fc8620a7cae537163df36edbf378
053.pem	OU = GlobalSign Root CA - R3, O = GlobalSign, CN = GlobalSign	OU = GlobalSign Root CA - R3, O = GlobalSign, CN = GlobalSign	04000000000121585308A2	Mar 18 10:00:00 2009 GMT	Mar 18 10:00:00 2029 GMT	CB:B5:22:D7:B7:F1:27:AD:6A:01:13:86:5B:DF:1C:D4:10:2E:7D:07:59:AF:63:5A:7C:F4:72:0D:C9:63:C5:3B	cbb522d7b7f127ad6a0113865bdf1cd4102e7d0759af635a7cf4720dc963c53b
054.pem	C = ES, CN = Autoridad de Certificacion Firmaprofesional CIF A62634068	C = ES, CN = Autoridad de Certificacion Firmaprofesional CIF A62634068	53EC3BEEFBB2485F	May 20 08:38:15 2009 GMT	Dec 31 08:38:15 2030 GMT	04:04:80:28:BF:1F:28:64:D4:8F:9A:D4:D8:32:94:36:6A:82:88:56:55:3F:3B:14:30:3F:90:14:7F:5D:40:EF	04048028bf1f2864d48f9ad4d83294366a828856553f3b14303f90147f5d40ef
055.pem	C = ES, O = IZENPE S.A., CN = Izenpe.com	C = ES, O = IZENPE S.A., CN = Izenpe.com	B0B75A16485FBFE1CBF58BD719E67D	Dec 13 13:08:28 2007 GMT	Dec 13 08:27:25 2037 GMT	25:30:CC:8E:98:32:15:02:BA:D9:6F:9B:1F:BA:1B:09:9E:2D:29:9E:0F:45:48:BB:91:4F:36:3B:C0:D4:53:1F	2530cc8e98321502bad96f9b1fba1b099e2d299e0f4548bb914f363bc0d4531f
056.pem	C = EU, L = Madrid (see current address at www.camerfirma.com/address), serialNumber = A82743287, O = AC Camerfirma S.A., CN = Chambers of Commerce Root - 2008	C = EU, L = Madrid (see current address at www.camerfirma.com/address), serialNumber = A82743287, O = AC Camerfirma S.A., CN = Chambers of Commerce Root - 2008	A3DA427EA4B1AEDA	Aug  1 12:29:50 2008 GMT	Jul 31 12:29:50 2038 GMT	06:3E:4A:FA:C4:91:DF:D3:32:F3:08:9B:85:42:E9:46:17:D8:93:D7:FE:94:4E:10:A7:93:7E:E2:9D:96:93:C0	063e4afac491dfd332f3089b8542e94617d893d7fe944e10a7937ee29d9693c0
057.pem	C = EU, L = Madrid (see current address at www.camerfirma.com/address), serialNumber = A82743287, O = AC Camerfirma S.A., CN = Global Chambersign Root - 2008	C = EU, L = Madrid (see current address at www.camerfirma.com/address), serialNumber = A82743287, O = AC Camerfirma S.A., CN = Global Chambersign Root - 2008	C9CDD3E9D57D23CE	Aug  1 12:31:40 2008 GMT	Jul 31 12:31:40 2038 GMT	13:63:35:43:93:34:A7:69:80:16:A0:D3:24:DE:72:28:4E:07:9D:7B:52:20:BB:8F:BD:74:78:16:EE:BE:BA:CA	136335439334a7698016a0d324de72284e079d7b5220bb8fbd747816eebebaca
058.pem	"C = US, ST = Arizona, L = Scottsdale, O = ""GoDaddy.com, Inc."", CN = Go Daddy Root Certificate Authority - G2"	"C = US, ST = Arizona, L = Scottsdale, O = ""GoDaddy.com, Inc."", CN = Go Daddy Root Certificate Authority - G2"	00	Sep  1 00:00:00 2009 GMT	Dec 31 23:59:59 2037 GMT	45:14:0B:32:47:EB:9C:C8:C5:B4:F0:D7:B5:30:91:F7:32:92:08:9E:6E:5A:63:E2:74:9D:D3:AC:A9:19:8E:DA	45140b3247eb9cc8c5b4f0d7b53091f73292089e6e5a63e2749dd3aca9198eda
059.pem	"C = US, ST = Arizona, L = Scottsdale, O = ""Starfield Technologies, Inc."", CN = Starfield Root Certificate Authority - G2"	"C = US, ST = Arizona, L = Scottsdale, O = ""Starfield Technologies, Inc."", CN = Starfield Root Certificate Authority - G2"	00	Sep  1 00:00:00 2009 GMT	Dec 31 23:59:59 2037 GMT	2C:E1:CB:0B:F9:D2:F9:E1:02:99:3F:BE:21:51:52:C3:B2:DD:0C:AB:DE:1C:68:E5:31:9B:83:91:54:DB:B7:F5	2ce1cb0bf9d2f9e102993fbe215152c3b2dd0cabde1c68e5319b839154dbb7f5
060.pem	"C = US, ST = Arizona, L = Scottsdale, O = ""Starfield Technologies, Inc."", CN = Starfield Services Root Certificate Authority - G2"	"C = US, ST = Arizona, L = Scottsdale, O = ""Starfield Technologies, Inc."", CN = Starfield Services Root Certificate Authority - G2"	00	Sep  1 00:00:00 2009 GMT	Dec 31 23:59:59 2037 GMT	56:8D:69:05:A2:C8:87:08:A4:B3:02:51:90:ED:CF:ED:B1:97:4A:60:6A:13:C6:E5:29:0F:CB:2A:E6:3E:DA:B5	568d6905a2c88708a4b3025190edcfedb1974a606a13c6e5290fcb2ae63edab5
061.pem	C = US, O = AffirmTrust, CN = AffirmTrust Commercial	C = US, O = AffirmTrust, CN = AffirmTrust Commercial	7777062726A9B17C	Jan 29 14:06:06 2010 GMT	Dec 31 14:06:06 2030 GMT	03:76:AB:1D:54:C5:F9:80:3C:E4:B2:E2:01:A0:EE:7E:EF:7B:57:B6:36:E8:A9:3C:9B:8D:48:60:C9:6F:5F:A7	0376ab1d54c5f9803ce4b2e201a0ee7eef7b57b636e8a93c9b8d4860c96f5fa7
062.pem	C = US, O = AffirmTrust, CN = AffirmTrust Networking	C = US, O = AffirmTrust, CN = AffirmTrust Networking	7C4F04391CD4992D	Jan 29 14:08:24 2010 GMT	Dec 31 14:08:24 2030 GMT	0A:81:EC:5A:92:97:77:F1:45:90:4A:F3:8D:5D:50:9F:66:B5:E2:C5:8F:CD:B5:31:05:8B:0E:17:F3:F0:B4:1B	0a81ec5a929777f145904af38d5d509f66b5e2c58fcdb531058b0e17f3f0b41b
063.pem	C = US, O = AffirmTrust, CN = AffirmTrust Premium	C = US, O = AffirmTrust, CN = AffirmTrust Premium	6D8C1446B1A60AEE	Jan 29 14:10:36 2010 GMT	Dec 31 14:10:36 2040 GMT	70:A7:3F:7F:37:6B:60:07:42:48:90:45:34:B1:14:82:D5:BF:0E:69:8E:CC:49:8D:F5:25:77:EB:F2:E9:3B:9A	70a73f7f376b60074248904534b11482d5bf0e698ecc498df52577ebf2e93b9a
064.pem	C = US, O = AffirmTrust, CN = AffirmTrust Premium ECC	C = US, O = AffirmTrust, CN = AffirmTrust Premium ECC	7497258AC73F7A54	Jan 29 14:20:24 2010 GMT	Dec 31 14:20:24 2040 GMT	BD:71:FD:F6:DA:97:E4:CF:62:D1:64:7A:DD:25:81:B0:7D:79:AD:F8:39:7E:B4:EC:BA:9C:5E:84:88:82:14:23	bd71fdf6da97e4cf62d1647add2581b07d79adf8397eb4ecba9c5e8488821423
065.pem	C = PL, O = Unizeto Technologies S.A., OU = Certum Certification Authority, CN = Certum Trusted Network CA	C = PL, O = Unizeto Technologies S.A., OU = Certum Certification Authority, CN = Certum Trusted Network CA	0444C0	Oct 22 12:07:37 2008 GMT	Dec 31 12:07:37 2029 GMT	5C:58:46:8D:55:F5:8E:49:7E:74:39:82:D2:B5:00:10:B6:D1:65:37:4A:CF:83:A7:D4:A3:2D:B7:68:C4:40:8E	5c58468d55f58e497e743982d2b50010b6d165374acf83a7d4a32db768c4408e
066.pem	C = TW, O = TAIWAN-CA, OU = Root CA, CN = TWCA Root Certification Authority	C = TW, O = TAIWAN-CA, OU = Root CA, CN = TWCA Root Certification Authority	01	Aug 28 07:24:33 2008 GMT	Dec 31 15:59:59 2030 GMT	BF:D8:8F:E1:10:1C:41:AE:3E:80:1B:F8:BE:56:35:0E:E9:BA:D1:A6:B9:BD:51:5E:DC:5C:6D:5B:87:11:AC:44	bfd88fe1101c41ae3e801bf8be56350ee9bad1a6b9bd515edc5c6d5b8711ac44
067.pem	"C = JP, O = ""SECOM Trust Systems CO.,LTD."", OU = Security Communication RootCA2"	"C = JP, O = ""SECOM Trust Systems CO.,LTD."", OU = Security Communication RootCA2"	00	May 29 05:00:39 2009 GMT	May 29 05:00:39 2029 GMT	51:3B:2C:EC:B8:10:D4:CD:E5:DD:85:39:1A:DF:C6:C2:DD:60:D8:7B:B7:36:D2:B5:21:48:4A:A4:7A:0E:BE:F6	513b2cecb810d4cde5dd85391adfc6c2dd60d87bb736d2b521484aa47a0ebef6
068.pem	C = ES, O = Agencia Catalana de Certificacio (NIF Q-0801176-I), OU = Serveis Publics de Certificacio, OU = Vegeu https://www.catcert.net/verarrel (c)03, OU = Jerarquia Entitats de Certificacio Catalanes, CN = EC-ACC	C = ES, O = Agencia Catalana de Certificacio (NIF Q-0801176-I), OU = Serveis Publics de Certificacio, OU = Vegeu https://www.catcert.net/verarrel (c)03, OU = Jerarquia Entitats de Certificacio Catalanes, CN = EC-ACC	-11D4C2142BDE21EB579D53FB0C223BFF	Jan  7 23:00:00 2003 GMT	Jan  7 22:59:59 2031 GMT	88:49:7F:01:60:2F:31:54:24:6A:E2:8C:4D:5A:EF:10:F1:D8:7E:BB:76:62:6F:4A:E0:B7:F9:5B:A7:96:87:99	88497f01602f3154246ae28c4d5aef10f1d87ebb76626f4ae0b7f95ba7968799
069.pem	C = GR, O = Hellenic Academic and Research Institutions Cert. Authority, CN = Hellenic Academic and Research Institutions RootCA 2011	C = GR, O = Hellenic Academic and Research Institutions Cert. Authority, CN = Hellenic Academic and Research Institutions RootCA 2011	00	Dec  6 13:49:52 2011 GMT	Dec  1 13:49:52 2031 GMT	BC:10:4F:15:A4:8B:E7:09:DC:A5:42:A7:E1:D4:B9:DF:6F:05:45:27:E8:02:EA:A9:2D:59:54:44:25:8A:FE:71	bc104f15a48be709dca542a7e1d4b9df6f054527e802eaa92d595444258afe71
070.pem	C = IT, L = Milan, O = Actalis S.p.A./03358520967, CN = Actalis Authentication Root CA	C = IT, L = Milan, O = Actalis S.p.A./03358520967, CN = Actalis Authentication Root CA	570A119742C4E3CC	Sep 22 11:22:02 2011 GMT	Sep 22 11:22:02 2030 GMT	55:92:60:84:EC:96:3A:64:B9:6E:2A:BE:01:CE:0B:A8:6A:64:FB:FE:BC:C7:AA:B5:AF:C1:55:B3:7F:D7:60:66	55926084ec963a64b96e2abe01ce0ba86a64fbfebcc7aab5afc155b37fd76066
071.pem	C = GB, O = Trustis Limited, OU = Trustis FPS Root CA	C = GB, O = Trustis Limited, OU = Trustis FPS Root CA	1B1FADB620F924D3366BF7C7F18CA059	Dec 23 12:14:06 2003 GMT	Jan 21 11:36:54 2024 GMT	C1:B4:82:99:AB:A5:20:8F:E9:63:0A:CE:55:CA:68:A0:3E:DA:5A:51:9C:88:02:A0:D3:A6:73:BE:8F:8E:55:7D	c1b48299aba5208fe9630ace55ca68a03eda5a519c8802a0d3a673be8f8e557d
072.pem	C = NO, O = Buypass AS-983163327, CN = Buypass Class 2 Root CA	C = NO, O = Buypass AS-983163327, CN = Buypass Class 2 Root CA	02	Oct 26 08:38:03 2010 GMT	Oct 26 08:38:03 2040 GMT	9A:11:40:25:19:7C:5B:B9:5D:94:E6:3D:55:CD:43:79:08:47:B6:46:B2:3C:DF:11:AD:A4:A0:0E:FF:15:FB:48	9a114025197c5bb95d94e63d55cd43790847b646b23cdf11ada4a00eff15fb48
073.pem	C = NO, O = Buypass AS-983163327, CN = Buypass Class 3 Root CA	C = NO, O = Buypass AS-983163327, CN = Buypass Class 3 Root CA	02	Oct 26 08:28:58 2010 GMT	Oct 26 08:28:58 2040 GMT	ED:F7:EB:BC:A2:7A:2A:38:4D:38:7B:7D:40:10:C6:66:E2:ED:B4:84:3E:4C:29:B4:AE:1D:5B:93:32:E6:B2:4D	edf7ebbca27a2a384d387b7d4010c666e2edb4843e4c29b4ae1d5b9332e6b24d
074.pem	C = DE, O = T-Systems Enterprise Services GmbH, OU = T-Systems Trust Center, CN = T-TeleSec GlobalRoot Class 3	C = DE, O = T-Systems Enterprise Services GmbH, OU = T-Systems Trust Center, CN = T-TeleSec GlobalRoot Class 3	01	Oct  1 10:29:56 2008 GMT	Oct  1 23:59:59 2033 GMT	FD:73:DA:D3:1C:64:4F:F1:B4:3B:EF:0C:CD:DA:96:71:0B:9C:D9:87:5E:CA:7E:31:70:7A:F3:E9:6D:52:2B:BD	fd73dad31c644ff1b43bef0ccdda96710b9cd9875eca7e31707af3e96d522bbd
075.pem	C = EE, O = AS Sertifitseerimiskeskus, CN = EE Certification Centre Root CA, emailAddress = pki@sk.ee	C = EE, O = AS Sertifitseerimiskeskus, CN = EE Certification Centre Root CA, emailAddress = pki@sk.ee	5480F9A073ED3F004CCA89D8E371E64A	Oct 30 10:10:30 2010 GMT	Dec 17 23:59:59 2030 GMT	3E:84:BA:43:42:90:85:16:E7:75:73:C0:99:2F:09:79:CA:08:4E:46:85:68:1F:F1:95:CC:BA:8A:22:9B:8A:76	3e84ba4342908516e77573c0992f0979ca084e4685681ff195ccba8a229b8a76
076.pem	C = DE, O = D-Trust GmbH, CN = D-TRUST Root Class 3 CA 2 2009	C = DE, O = D-Trust GmbH, CN = D-TRUST Root Class 3 CA 2 2009	0983F3	Nov  5 08:35:58 2009 GMT	Nov  5 08:35:58 2029 GMT	49:E7:A4:42:AC:F0:EA:62:87:05:00:54:B5:25:64:B6:50:E4:F4:9E:42:E3:48:D6:AA:38:E0:39:E9:57:B1:C1	49e7a442acf0ea6287050054b52564b650e4f49e42e348d6aa38e039e957b1c1
077.pem	C = DE, O = D-Trust GmbH, CN = D-TRUST Root Class 3 CA 2 EV 2009	C = DE, O = D-Trust GmbH, CN = D-TRUST Root Class 3 CA 2 EV 2009	0983F4	Nov  5 08:50:46 2009 GMT	Nov  5 08:50:46 2029 GMT	EE:C5:49:6B:98:8C:E9:86:25:B9:34:09:2E:EC:29:08:BE:D0:B0:F3:16:C2:D4:73:0C:84:EA:F1:F3:D3:48:81	eec5496b988ce98625b934092eec2908bed0b0f316c2d4730c84eaf1f3d34881
078.pem	C = SK, L = Bratislava, O = Disig a.s., CN = CA Disig Root R2	C = SK, L = Bratislava, O = Disig a.s., CN = CA Disig Root R2	92B888DBB08AC163	Jul 19 09:15:30 2012 GMT	Jul 19 09:15:30 2042 GMT	E2:3D:4A:03:6D:7B:70:E9:F5:95:B1:42:20:79:D2:B9:1E:DF:BB:1F:B6:51:A0:63:3E:AA:8A:9D:C5:F8:07:03	e23d4a036d7b70e9f595b1422079d2b91edfbb1fb651a0633eaa8a9dc5f80703
079.pem	CN = ACCVRAIZ1, OU = PKIACCV, O = ACCV, C = ES	CN = ACCVRAIZ1, OU = PKIACCV, O = ACCV, C = ES	5EC3B7A6437FA4E0	May  5 09:37:37 2011 GMT	Dec 31 09:37:37 2030 GMT	9A:6E:C0:12:E1:A7:DA:9D:BE:34:19:4D:47:8A:D7:C0:DB:18:22:FB:07:1D:F1:29:81:49:6E:D1:04:38:41:13	9a6ec012e1a7da9dbe34194d478ad7c0db1822fb071df12981496ed104384113
080.pem	C = TW, O = TAIWAN-CA, OU = Root CA, CN = TWCA Global Root CA	C = TW, O = TAIWAN-CA, OU = Root CA, CN = TWCA Global Root CA	0CBE	Jun 27 06:28:33 2012 GMT	Dec 31 15:59:59 2030 GMT	59:76:90:07:F7:68:5D:0F:CD:50:87:2F:9F:95:D5:75:5A:5B:2B:45:7D:81:F3:69:2B:61:0A:98:67:2F:0E:1B	59769007f7685d0fcd50872f9f95d5755a5b2b457d81f3692b610a98672f0e1b
081.pem	O = TeliaSonera, CN = TeliaSonera Root CA v1	O = TeliaSonera, CN = TeliaSonera Root CA v1	95BE16A0F72E46F17B398272FA8BCD96	Oct 18 12:00:50 2007 GMT	Oct 18 12:00:50 2032 GMT	DD:69:36:FE:21:F8:F0:77:C1:23:A1:A5:21:C1:22:24:F7:22:55:B7:3E:03:A7:26:06:93:E8:A2:4B:0F:A3:89	dd6936fe21f8f077c123a1a521c12224f72255b73e03a7260693e8a24b0fa389
082.pem	C = TR, L = Ankara, O = E-Tu\C4\9Fra EBG Bili\C5\9Fim Teknolojileri ve Hizmetleri A.\C5\9E., OU = E-Tugra Sertifikasyon Merkezi, CN = E-Tugra Certification Authority	C = TR, L = Ankara, O = E-Tu\C4\9Fra EBG Bili\C5\9Fim Teknolojileri ve Hizmetleri A.\C5\9E., OU = E-Tugra Sertifikasyon Merkezi, CN = E-Tugra Certification Authority	6A683E9C519BCB53	Mar  5 12:09:48 2013 GMT	Mar  3 12:09:48 2023 GMT	B0:BF:D5:2B:B0:D7:D9:BD:92:BF:5D:4D:C1:3D:A2:55:C0:2C:54:2F:37:83:65:EA:89:39:11:F5:5E:55:F2:3C	b0bfd52bb0d7d9bd92bf5d4dc13da255c02c542f378365ea893911f55e55f23c
083.pem	C = DE, O = T-Systems Enterprise Services GmbH, OU = T-Systems Trust Center, CN = T-TeleSec GlobalRoot Class 2	C = DE, O = T-Systems Enterprise Services GmbH, OU = T-Systems Trust Center, CN = T-TeleSec GlobalRoot Class 2	01	Oct  1 10:40:14 2008 GMT	Oct  1 23:59:59 2033 GMT	91:E2:F5:78:8D:58:10:EB:A7:BA:58:73:7D:E1:54:8A:8E:CA:CD:01:45:98:BC:0B:14:3E:04:1B:17:05:25:52	91e2f5788d5810eba7ba58737de1548a8ecacd014598bc0b143e041b17052552
084.pem	CN = Atos TrustedRoot 2011, O = Atos, C = DE	CN = Atos TrustedRoot 2011, O = Atos, C = DE	5C33CB622C5FB332	Jul  7 14:58:30 2011 GMT	Dec 31 23:59:59 2030 GMT	F3:56:BE:A2:44:B7:A9:1E:B3:5D:53:CA:9A:D7:86:4A:CE:01:8E:2D:35:D5:F8:F9:6D:DF:68:A6:F4:1A:A4:74	f356bea244b7a91eb35d53ca9ad7864ace018e2d35d5f8f96ddf68a6f41aa474
085.pem	C = BM, O = QuoVadis Limited, CN = QuoVadis Root CA 1 G3	C = BM, O = QuoVadis Limited, CN = QuoVadis Root CA 1 G3	78585F2EAD2C194BE3370735341328B596D46593	Jan 12 17:27:44 2012 GMT	Jan 12 17:27:44 2042 GMT	8A:86:6F:D1:B2:76:B5:7E:57:8E:92:1C:65:82:8A:2B:ED:58:E9:F2:F2:88:05:41:34:B7:F1:F4:BF:C9:CC:74	8a866fd1b276b57e578e921c65828a2bed58e9f2f288054134b7f1f4bfc9cc74
086.pem	C = BM, O = QuoVadis Limited, CN = QuoVadis Root CA 2 G3	C = BM, O = QuoVadis Limited, CN = QuoVadis Root CA 2 G3	445734245B81899B35F2CEB82B3B5BA726F07528	Jan 12 18:59:32 2012 GMT	Jan 12 18:59:32 2042 GMT	8F:E4:FB:0A:F9:3A:4D:0D:67:DB:0B:EB:B2:3E:37:C7:1B:F3:25:DC:BC:DD:24:0E:A0:4D:AF:58:B4:7E:18:40	8fe4fb0af93a4d0d67db0bebb23e37c71bf325dcbcdd240ea04daf58b47e1840
087.pem	C = BM, O = QuoVadis Limited, CN = QuoVadis Root CA 3 G3	C = BM, O = QuoVadis Limited, CN = QuoVadis Root CA 3 G3	2EF59B0228A7DB7AFFD5A3A9EEBD03A0CF126A1D	Jan 12 20:26:32 2012 GMT	Jan 12 20:26:32 2042 GMT	88:EF:81:DE:20:2E:B0:18:45:2E:43:F8:64:72:5C:EA:5F:BD:1F:C2:D9:D2:05:73:07:09:C5:D8:B8:69:0F:46	88ef81de202eb018452e43f864725cea5fbd1fc2d9d205730709c5d8b8690f46
088.pem	C = US, O = DigiCert Inc, OU = www.digicert.com, CN = DigiCert Assured ID Root G2	C = US, O = DigiCert Inc, OU = www.digicert.com, CN = DigiCert Assured ID Root G2	0B931C3AD63967EA6723BFC3AF9AF44B	Aug  1 12:00:00 2013 GMT	Jan 15 12:00:00 2038 GMT	7D:05:EB:B6:82:33:9F:8C:94:51:EE:09:4E:EB:FE:FA:79:53:A1:14:ED:B2:F4:49:49:45:2F:AB:7D:2F:C1:85	7d05ebb682339f8c9451ee094eebfefa7953a114edb2f44949452fab7d2fc185
089.pem	C = US, O = DigiCert Inc, OU = www.digicert.com, CN = DigiCert Assured ID Root G3	C = US, O = DigiCert Inc, OU = www.digicert.com, CN = DigiCert Assured ID Root G3	0BA15AFA1DDFA0B54944AFCD24A06CEC	Aug  1 12:00:00 2013 GMT	Jan 15 12:00:00 2038 GMT	7E:37:CB:8B:4C:47:09:0C:AB:36:55:1B:A6:F4:5D:B8:40:68:0F:BA:16:6A:95:2D:B1:00:71:7F:43:05:3F:C2	7e37cb8b4c47090cab36551ba6f45db840680fba166a952db100717f43053fc2
090.pem	C = US, O = DigiCert Inc, OU = www.digicert.com, CN = DigiCert Global Root G2	C = US, O = DigiCert Inc, OU = www.digicert.com, CN = DigiCert Global Root G2	033AF1E6A711A9A0BB2864B11D09FAE5	Aug  1 12:00:00 2013 GMT	Jan 15 12:00:00 2038 GMT	CB:3C:CB:B7:60:31:E5:E0:13:8F:8D:D3:9A:23:F9:DE:47:FF:C3:5E:43:C1:14:4C:EA:27:D4:6A:5A:B1:CB:5F	cb3ccbb76031e5e0138f8dd39a23f9de47ffc35e43c1144cea27d46a5ab1cb5f
091.pem	C = US, O = DigiCert Inc, OU = www.digicert.com, CN = DigiCert Global Root G3	C = US, O = DigiCert Inc, OU = www.digicert.com, CN = DigiCert Global Root G3	055556BCF25EA43535C3A40FD5AB4572	Aug  1 12:00:00 2013 GMT	Jan 15 12:00:00 2038 GMT	31:AD:66:48:F8:10:41:38:C7:38:F3:9E:A4:32:01:33:39:3E:3A:18:CC:02:29:6E:F9:7C:2A:C9:EF:67:31:D0	31ad6648f8104138c738f39ea4320133393e3a18cc02296ef97c2ac9ef6731d0
092.pem	C = US, O = DigiCert Inc, OU = www.digicert.com, CN = DigiCert Trusted Root G4	C = US, O = DigiCert Inc, OU = www.digicert.com, CN = DigiCert Trusted Root G4	059B1B579E8E2132E23907BDA777755C	Aug  1 12:00:00 2013 GMT	Jan 15 12:00:00 2038 GMT	55:2F:7B:DC:F1:A7:AF:9E:6C:E6:72:01:7F:4F:12:AB:F7:72:40:C7:8E:76:1A:C2:03:D1:D9:D2:0A:C8:99:88	552f7bdcf1a7af9e6ce672017f4f12abf77240c78e761ac203d1d9d20ac89988
093.pem	C = GB, ST = Greater Manchester, L = Salford, O = COMODO CA Limited, CN = COMODO RSA Certification Authority	C = GB, ST = Greater Manchester, L = Salford, O = COMODO CA Limited, CN = COMODO RSA Certification Authority	4CAAF9CADB636FE01FF74ED85B03869D	Jan 19 00:00:00 2010 GMT	Jan 18 23:59:59 2038 GMT	52:F0:E1:C4:E5:8E:C6:29:29:1B:60:31:7F:07:46:71:B8:5D:7E:A8:0D:5B:07:27:34:63:53:4B:32:B4:02:34	52f0e1c4e58ec629291b60317f074671b85d7ea80d5b07273463534b32b40234
094.pem	C = US, ST = New Jersey, L = Jersey City, O = The USERTRUST Network, CN = USERTrust RSA Certification Authority	C = US, ST = New Jersey, L = Jersey City, O = The USERTRUST Network, CN = USERTrust RSA Certification Authority	01FD6D30FCA3CA51A81BBC640E35032D	Feb  1 00:00:00 2010 GMT	Jan 18 23:59:59 2038 GMT	E7:93:C9:B0:2F:D8:AA:13:E2:1C:31:22:8A:CC:B0:81:19:64:3B:74:9C:89:89:64:B1:74:6D:46:C3:D4:CB:D2	e793c9b02fd8aa13e21c31228accb08119643b749c898964b1746d46c3d4cbd2
095.pem	C = US, ST = New Jersey, L = Jersey City, O = The USERTRUST Network, CN = USERTrust ECC Certification Authority	C = US, ST = New Jersey, L = Jersey City, O = The USERTRUST Network, CN = USERTrust ECC Certification Authority	5C8B99C55A94C5D27156DECD8980CC26	Feb  1 00:00:00 2010 GMT	Jan 18 23:59:59 2038 GMT	4F:F4:60:D5:4B:9C:86:DA:BF:BC:FC:57:12:E0:40:0D:2B:ED:3F:BC:4D:4F:BD:AA:86:E0:6A:DC:D2:A9:AD:7A	4ff460d54b9c86dabfbcfc5712e0400d2bed3fbc4d4fbdaa86e06adcd2a9ad7a
096.pem	OU = GlobalSign ECC Root CA - R4, O = GlobalSign, CN = GlobalSign	OU = GlobalSign ECC Root CA - R4, O = GlobalSign, CN = GlobalSign	2A38A41C960A04DE42B228A50BE8349802	Nov 13 00:00:00 2012 GMT	Jan 19 03:14:07 2038 GMT	BE:C9:49:11:C2:95:56:76:DB:6C:0A:55:09:86:D7:6E:3B:A0:05:66:7C:44:2C:97:62:B4:FB:B7:73:DE:22:8C	bec94911c2955676db6c0a550986d76e3ba005667c442c9762b4fbb773de228c
097.pem	OU = GlobalSign ECC Root CA - R5, O = GlobalSign, CN = GlobalSign	OU = GlobalSign ECC Root CA - R5, O = GlobalSign, CN = GlobalSign	605949E0262EBB55F90A778A71F94AD86C	Nov 13 00:00:00 2012 GMT	Jan 19 03:14:07 2038 GMT	17:9F:BC:14:8A:3D:D0:0F:D2:4E:A1:34:58:CC:43:BF:A7:F5:9C:81:82:D7:83:A5:13:F6:EB:EC:10:0C:89:24	179fbc148a3dd00fd24ea13458cc43bfa7f59c8182d783a513f6ebec100c8924
098.pem	C = NL, O = Staat der Nederlanden, CN = Staat der Nederlanden Root CA - G3	C = NL, O = Staat der Nederlanden, CN = Staat der Nederlanden Root CA - G3	98A239	Nov 14 11:28:42 2013 GMT	Nov 13 23:00:00 2028 GMT	3C:4F:B0:B9:5A:B8:B3:00:32:F4:32:B8:6F:53:5F:E1:72:C1:85:D0:FD:39:86:58:37:CF:36:18:7F:A6:F4:28	3c4fb0b95ab8b30032f432b86f535fe172c185d0fd39865837cf36187fa6f428
099.pem	C = NL, O = Staat der Nederlanden, CN = Staat der Nederlanden EV Root CA	C = NL, O = Staat der Nederlanden, CN = Staat der Nederlanden EV Root CA	98968D	Dec  8 11:19:29 2010 GMT	Dec  8 11:10:28 2022 GMT	4D:24:91:41:4C:FE:95:67:46:EC:4C:EF:A6:CF:6F:72:E2:8A:13:29:43:2F:9D:8A:90:7A:C4:CB:5D:AD:C1:5A	4d2491414cfe956746ec4cefa6cf6f72e28a1329432f9d8a907ac4cb5dadc15a
100.pem	C = US, O = IdenTrust, CN = IdenTrust Commercial Root CA 1	C = US, O = IdenTrust, CN = IdenTrust Commercial Root CA 1	0A0142800000014523C844B500000002	Jan 16 18:12:23 2014 GMT	Jan 16 18:12:23 2034 GMT	5D:56:49:9B:E4:D2:E0:8B:CF:CA:D0:8A:3E:38:72:3D:50:50:3B:DE:70:69:48:E4:2F:55:60:30:19:E5:28:AE	5d56499be4d2e08bcfcad08a3e38723d50503bde706948e42f55603019e528ae
101.pem	C = US, O = IdenTrust, CN = IdenTrust Public Sector Root CA 1	C = US, O = IdenTrust, CN = IdenTrust Public Sector Root CA 1	0A0142800000014523CF467C00000002	Jan 16 17:53:32 2014 GMT	Jan 16 17:53:32 2034 GMT	30:D0:89:5A:9A:44:8A:26:20:91:63:55:22:D1:F5:20:10:B5:86:7A:CA:E1:2C:78:EF:95:8F:D4:F4:38:9F:2F	30d0895a9a448a262091635522d1f52010b5867acae12c78ef958fd4f4389f2f
102.pem	"C = US, O = ""Entrust, Inc."", OU = See www.entrust.net/legal-terms, OU = ""(c) 2009 Entrust, Inc. - for authorized use only"", CN = Entrust Root Certification Authority - G2"	"C = US, O = ""Entrust, Inc."", OU = See www.entrust.net/legal-terms, OU = ""(c) 2009 Entrust, Inc. - for authorized use only"", CN = Entrust Root Certification Authority - G2"	4A538C28	Jul  7 17:25:54 2009 GMT	Dec  7 17:55:54 2030 GMT	43:DF:57:74:B0:3E:7F:EF:5F:E4:0D:93:1A:7B:ED:F1:BB:2E:6B:42:73:8C:4E:6D:38:41:10:3D:3A:A7:F3:39	43df5774b03e7fef5fe40d931a7bedf1bb2e6b42738c4e6d3841103d3aa7f339
103.pem	"C = US, O = ""Entrust, Inc."", OU = See www.entrust.net/legal-terms, OU = ""(c) 2012 Entrust, Inc. - for authorized use only"", CN = Entrust Root Certification Authority - EC1"	"C = US, O = ""Entrust, Inc."", OU = See www.entrust.net/legal-terms, OU = ""(c) 2012 Entrust, Inc. - for authorized use only"", CN = Entrust Root Certification Authority - EC1"	A68B79290000000050D091F9	Dec 18 15:25:36 2012 GMT	Dec 18 15:55:36 2037 GMT	02:ED:0E:B2:8C:14:DA:45:16:5C:56:67:91:70:0D:64:51:D7:FB:56:F0:B2:AB:1D:3B:8E:B0:70:E5:6E:DF:F5	02ed0eb28c14da45165c566791700d6451d7fb56f0b2ab1d3b8eb070e56edff5
104.pem	C = CN, O = China Financial Certification Authority, CN = CFCA EV ROOT	C = CN, O = China Financial Certification Authority, CN = CFCA EV ROOT	184ACCD6	Aug  8 03:07:01 2012 GMT	Dec 31 03:07:01 2029 GMT	5C:C3:D7:8E:4E:1D:5E:45:54:7A:04:E6:87:3E:64:F9:0C:F9:53:6D:1C:CC:2E:F8:00:F3:55:C4:C5:FD:70:FD	5cc3d78e4e1d5e45547a04e6873e64f90cf9536d1ccc2ef800f355c4c5fd70fd
105.pem	C = TR, L = Ankara, O = T\C3\9CRKTRUST Bilgi \C4\B0leti\C5\9Fim ve Bili\C5\9Fim G\C3\BCvenli\C4\9Fi Hizmetleri A.\C5\9E., CN = T\C3\9CRKTRUST Elektronik Sertifika Hizmet Sa\C4\9Flay\C4\B1c\C4\B1s\C4\B1 H5	C = TR, L = Ankara, O = T\C3\9CRKTRUST Bilgi \C4\B0leti\C5\9Fim ve Bili\C5\9Fim G\C3\BCvenli\C4\9Fi Hizmetleri A.\C5\9E., CN = T\C3\9CRKTRUST Elektronik Sertifika Hizmet Sa\C4\9Flay\C4\B1c\C4\B1s\C4\B1 H5	8E17FE242081	Apr 30 08:07:01 2013 GMT	Apr 28 08:07:01 2023 GMT	49:35:1B:90:34:44:C1:85:CC:DC:5C:69:3D:24:D8:55:5C:B2:08:D6:A8:14:13:07:69:9F:4A:F0:63:19:9D:78	49351b903444c185ccdc5c693d24d8555cb208d6a8141307699f4af063199d78
106.pem	C = FR, O = Certinomis, OU = 0002 433998903, CN = Certinomis - Root CA	C = FR, O = Certinomis, OU = 0002 433998903, CN = Certinomis - Root CA	01	Oct 21 09:17:18 2013 GMT	Oct 21 09:17:18 2033 GMT	2A:99:F5:BC:11:74:B7:3C:BB:1D:62:08:84:E0:1C:34:E5:1C:CB:39:78:DA:12:5F:0E:33:26:88:83:BF:41:58	2a99f5bc1174b73cbb1d620884e01c34e51ccb3978da125f0e33268883bf4158
107.pem	C = CH, O = WISeKey, OU = OISTE Foundation Endorsed, CN = OISTE WISeKey Global Root GB CA	C = CH, O = WISeKey, OU = OISTE Foundation Endorsed, CN = OISTE WISeKey Global Root GB CA	76B1205274F0858746B3F8231AF6C2C0	Dec  1 15:00:32 2014 GMT	Dec  1 15:10:31 2039 GMT	6B:9C:08:E8:6E:B0:F7:67:CF:AD:65:CD:98:B6:21:49:E5:49:4A:67:F5:84:5E:7B:D1:ED:01:9F:27:B8:6B:D6	6b9c08e86eb0f767cfad65cd98b62149e5494a67f5845e7bd1ed019f27b86bd6
108.pem	C = PL, O = Krajowa Izba Rozliczeniowa S.A., CN = SZAFIR ROOT CA2	C = PL, O = Krajowa Izba Rozliczeniowa S.A., CN = SZAFIR ROOT CA2	3E8A5D07EC55D232D5B7E3B65F01EB2DDCE4D6E4	Oct 19 07:43:30 2015 GMT	Oct 19 07:43:30 2035 GMT	A1:33:9D:33:28:1A:0B:56:E5:57:D3:D3:2B:1C:E7:F9:36:7E:B0:94:BD:5F:A7:2A:7E:50:04:C8:DE:D7:CA:FE	a1339d33281a0b56e557d3d32b1ce7f9367eb094bd5fa72a7e5004c8ded7cafe
109.pem	C = PL, O = Unizeto Technologies S.A., OU = Certum Certification Authority, CN = Certum Trusted Network CA 2	C = PL, O = Unizeto Technologies S.A., OU = Certum Certification Authority, CN = Certum Trusted Network CA 2	21D6D04A4F250FC93237FCAA5E128DE9	Oct  6 08:39:56 2011 GMT	Oct  6 08:39:56 2046 GMT	B6:76:F2:ED:DA:E8:77:5C:D3:6C:B0:F6:3C:D1:D4:60:39:61:F4:9E:62:65:BA:01:3A:2F:03:07:B6:D0:B8:04	b676f2eddae8775cd36cb0f63cd1d4603961f49e6265ba013a2f0307b6d0b804
110.pem	C = GR, L = Athens, O = Hellenic Academic and Research Institutions Cert. Authority, CN = Hellenic Academic and Research Institutions RootCA 2015	C = GR, L = Athens, O = Hellenic Academic and Research Institutions Cert. Authority, CN = Hellenic Academic and Research Institutions RootCA 2015	00	Jul  7 10:11:21 2015 GMT	Jun 30 10:11:21 2040 GMT	A0:40:92:9A:02:CE:53:B4:AC:F4:F2:FF:C6:98:1C:E4:49:6F:75:5E:6D:45:FE:0B:2A:69:2B:CD:52:52:3F:36	a040929a02ce53b4acf4f2ffc6981ce4496f755e6d45fe0b2a692bcd52523f36
111.pem	C = GR, L = Athens, O = Hellenic Academic and Research Institutions Cert. Authority, CN = Hellenic Academic and Research Institutions ECC RootCA 2015	C = GR, L = Athens, O = Hellenic Academic and Research Institutions Cert. Authority, CN = Hellenic Academic and Research Institutions ECC RootCA 2015	00	Jul  7 10:37:12 2015 GMT	Jun 30 10:37:12 2040 GMT	44:B5:45:AA:8A:25:E6:5A:73:CA:15:DC:27:FC:36:D2:4C:1C:B9:95:3A:06:65:39:B1:15:82:DC:48:7B:48:33	44b545aa8a25e65a73ca15dc27fc36d24c1cb9953a066539b11582dc487b4833
112.pem	C = FR, O = Certplus, CN = Certplus Root CA G1	C = FR, O = Certplus, CN = Certplus Root CA G1	11205583E42D3E5456852D8337B72CDC4611	May 26 00:00:00 2014 GMT	Jan 15 00:00:00 2038 GMT	15:2A:40:2B:FC:DF:2C:D5:48:05:4D:22:75:B3:9C:7F:CA:3E:C0:97:80:78:B0:F0:EA:76:E5:61:A6:C7:43:3E	152a402bfcdf2cd548054d2275b39c7fca3ec0978078b0f0ea76e561a6c7433e
113.pem	C = FR, O = Certplus, CN = Certplus Root CA G2	C = FR, O = Certplus, CN = Certplus Root CA G2	1120D991CEAEA3E8C5E7FFE902AFCF73BC55	May 26 00:00:00 2014 GMT	Jan 15 00:00:00 2038 GMT	6C:C0:50:41:E6:44:5E:74:69:6C:4C:FB:C9:F8:0F:54:3B:7E:AB:BB:44:B4:CE:6F:78:7C:6A:99:71:C4:2F:17	6cc05041e6445e74696c4cfbc9f80f543b7eabbb44b4ce6f787c6a9971c42f17
114.pem	C = FR, O = OpenTrust, CN = OpenTrust Root CA G1	C = FR, O = OpenTrust, CN = OpenTrust Root CA G1	1120B39055397D7F366D64C2A79F6B638E67	May 26 08:45:50 2014 GMT	Jan 15 00:00:00 2038 GMT	56:C7:71:28:D9:8C:18:D9:1B:4C:FD:FF:BC:25:EE:91:03:D4:75:8E:A2:AB:AD:82:6A:90:F3:45:7D:46:0E:B4	56c77128d98c18d91b4cfdffbc25ee9103d4758ea2abad826a90f3457d460eb4
115.pem	C = FR, O = OpenTrust, CN = OpenTrust Root CA G2	C = FR, O = OpenTrust, CN = OpenTrust Root CA G2	1120A1691BBFBDB9BD52968F23E848BF2611	May 26 00:00:00 2014 GMT	Jan 15 00:00:00 2038 GMT	27:99:58:29:FE:6A:75:15:C1:BF:E8:48:F9:C4:76:1D:B1:6C:22:59:29:25:7B:F4:0D:08:94:F2:9E:A8:BA:F2	27995829fe6a7515c1bfe848f9c4761db16c225929257bf40d0894f29ea8baf2
116.pem	C = FR, O = OpenTrust, CN = OpenTrust Root CA G3	C = FR, O = OpenTrust, CN = OpenTrust Root CA G3	1120E6F84CFC24B0BE0540ACDA831B34603F	May 26 00:00:00 2014 GMT	Jan 15 00:00:00 2038 GMT	B7:C3:62:31:70:6E:81:07:8C:36:7C:B8:96:19:8F:1E:32:08:DD:92:69:49:DD:8F:57:09:A4:10:F7:5B:62:92	b7c36231706e81078c367cb896198f1e3208dd926949dd8f5709a410f75b6292
117.pem	C = US, O = Internet Security Research Group, CN = ISRG Root X1	C = US, O = Internet Security Research Group, CN = ISRG Root X1	8210CFB0D240E3594463E0BB63828B00	Jun  4 11:04:38 2015 GMT	Jun  4 11:04:38 2035 GMT	96:BC:EC:06:26:49:76:F3:74:60:77:9A:CF:28:C5:A7:CF:E8:A3:C0:AA:E1:1A:8F:FC:EE:05:C0:BD:DF:08:C6	96bcec06264976f37460779acf28c5a7cfe8a3c0aae11a8ffcee05c0bddf08c6
118.pem	C = ES, O = FNMT-RCM, OU = AC RAIZ FNMT-RCM	C = ES, O = FNMT-RCM, OU = AC RAIZ FNMT-RCM	5D938D306736C8061D1AC754846907	Oct 29 15:59:56 2008 GMT	Jan  1 00:00:00 2030 GMT	EB:C5:57:0C:29:01:8C:4D:67:B1:AA:12:7B:AF:12:F7:03:B4:61:1E:BC:17:B7:DA:B5:57:38:94:17:9B:93:FA	ebc5570c29018c4d67b1aa127baf12f703b4611ebc17b7dab5573894179b93fa
119.pem	C = US, O = Amazon, CN = Amazon Root CA 1	C = US, O = Amazon, CN = Amazon Root CA 1	066C9FCF99BF8C0A39E2F0788A43E696365BCA	May 26 00:00:00 2015 GMT	Jan 17 00:00:00 2038 GMT	8E:CD:E6:88:4F:3D:87:B1:12:5B:A3:1A:C3:FC:B1:3D:70:16:DE:7F:57:CC:90:4F:E1:CB:97:C6:AE:98:19:6E	8ecde6884f3d87b1125ba31ac3fcb13d7016de7f57cc904fe1cb97c6ae98196e
120.pem	C = US, O = Amazon, CN = Amazon Root CA 2	C = US, O = Amazon, CN = Amazon Root CA 2	066C9FD29635869F0A0FE58678F85B26BB8A37	May 26 00:00:00 2015 GMT	May 26 00:00:00 2040 GMT	1B:A5:B2:AA:8C:65:40:1A:82:96:01:18:F8:0B:EC:4F:62:30:4D:83:CE:C4:71:3A:19:C3:9C:01:1E:A4:6D:B4	1ba5b2aa8c65401a82960118f80bec4f62304d83cec4713a19c39c011ea46db4
121.pem	C = US, O = Amazon, CN = Amazon Root CA 3	C = US, O = Amazon, CN = Amazon Root CA 3	066C9FD5749736663F3B0B9AD9E89E7603F24A	May 26 00:00:00 2015 GMT	May 26 00:00:00 2040 GMT	18:CE:6C:FE:7B:F1:4E:60:B2:E3:47:B8:DF:E8:68:CB:31:D0:2E:BB:3A:DA:27:15:69:F5:03:43:B4:6D:B3:A4	18ce6cfe7bf14e60b2e347b8dfe868cb31d02ebb3ada271569f50343b46db3a4
122.pem	C = US, O = Amazon, CN = Amazon Root CA 4	C = US, O = Amazon, CN = Amazon Root CA 4	066C9FD7C1BB104C2943E5717B7B2CC81AC10E	May 26 00:00:00 2015 GMT	May 26 00:00:00 2040 GMT	E3:5D:28:41:9E:D0:20:25:CF:A6:90:38:CD:62:39:62:45:8D:A5:C6:95:FB:DE:A3:C2:2B:0B:FB:25:89:70:92	e35d28419ed02025cfa69038cd623962458da5c695fbdea3c22b0bfb25897092
123.pem	C = LU, O = LuxTrust S.A., CN = LuxTrust Global Root 2	C = LU, O = LuxTrust S.A., CN = LuxTrust Global Root 2	0A7EA6DF4B449EDA6A24859EE6B815D3167FBBB1	Mar  5 13:21:57 2015 GMT	Mar  5 13:21:57 2035 GMT	54:45:5F:71:29:C2:0B:14:47:C4:18:F9:97:16:8F:24:C5:8F:C5:02:3B:F5:DA:5B:E2:EB:6E:1D:D8:90:2E:D5	54455f7129c20b1447c418f997168f24c58fc5023bf5da5be2eb6e1dd8902ed5
124.pem	C = TR, L = Gebze - Kocaeli, O = Turkiye Bilimsel ve Teknolojik Arastirma Kurumu - TUBITAK, OU = Kamu Sertifikasyon Merkezi - Kamu SM, CN = TUBITAK Kamu SM SSL Kok Sertifikasi - Surum 1	C = TR, L = Gebze - Kocaeli, O = Turkiye Bilimsel ve Teknolojik Arastirma Kurumu - TUBITAK, OU = Kamu Sertifikasyon Merkezi - Kamu SM, CN = TUBITAK Kamu SM SSL Kok Sertifikasi - Surum 1	01	Nov 25 08:25:55 2013 GMT	Oct 25 08:25:55 2043 GMT	46:ED:C3:68:90:46:D5:3A:45:3F:B3:10:4A:B8:0D:CA:EC:65:8B:26:60:EA:16:29:DD:7E:86:79:90:64:87:16	46edc3689046d53a453fb3104ab80dcaec658b2660ea1629dd7e867990648716
125.pem	"C = CN, O = ""GUANG DONG CERTIFICATE AUTHORITY CO.,LTD."", CN = GDCA TrustAUTH R5 ROOT"	"C = CN, O = ""GUANG DONG CERTIFICATE AUTHORITY CO.,LTD."", CN = GDCA TrustAUTH R5 ROOT"	7D0997FEF047EA7A	Nov 26 05:13:15 2014 GMT	Dec 31 15:59:59 2040 GMT	BF:FF:8F:D0:44:33:48:7D:6A:8A:A6:0C:1A:29:76:7A:9F:C2:BB:B0:5E:42:0F:71:3A:13:B9:92:89:1D:38:93	bfff8fd04433487d6a8aa60c1a29767a9fc2bbb05e420f713a13b992891d3893
126.pem	C = PA, ST = Panama, L = Panama City, O = TrustCor Systems S. de R.L., OU = TrustCor Certificate Authority, CN = TrustCor RootCert CA-1	C = PA, ST = Panama, L = Panama City, O = TrustCor Systems S. de R.L., OU = TrustCor Certificate Authority, CN = TrustCor RootCert CA-1	DA9BEC71F303B019	Feb  4 12:32:16 2016 GMT	Dec 31 17:23:16 2029 GMT	D4:0E:9C:86:CD:8F:E4:68:C1:77:69:59:F4:9E:A7:74:FA:54:86:84:B6:C4:06:F3:90:92:61:F4:DC:E2:57:5C	d40e9c86cd8fe468c1776959f49ea774fa548684b6c406f3909261f4dce2575c
127.pem	C = PA, ST = Panama, L = Panama City, O = TrustCor Systems S. de R.L., OU = TrustCor Certificate Authority, CN = TrustCor RootCert CA-2	C = PA, ST = Panama, L = Panama City, O = TrustCor Systems S. de R.L., OU = TrustCor Certificate Authority, CN = TrustCor RootCert CA-2	25A1DFCA33CB5902	Feb  4 12:32:23 2016 GMT	Dec 31 17:26:39 2034 GMT	07:53:E9:40:37:8C:1B:D5:E3:83:6E:39:5D:AE:A5:CB:83:9E:50:46:F1:BD:0E:AE:19:51:CF:10:FE:C7:C9:65	0753e940378c1bd5e3836e395daea5cb839e5046f1bd0eae1951cf10fec7c965
128.pem	C = PA, ST = Panama, L = Panama City, O = TrustCor Systems S. de R.L., OU = TrustCor Certificate Authority, CN = TrustCor ECA-1	C = PA, ST = Panama, L = Panama City, O = TrustCor Systems S. de R.L., OU = TrustCor Certificate Authority, CN = TrustCor ECA-1	84822C5F1C62D040	Feb  4 12:32:33 2016 GMT	Dec 31 17:28:07 2029 GMT	5A:88:5D:B1:9C:01:D9:12:C5:75:93:88:93:8C:AF:BB:DF:03:1A:B2:D4:8E:91:EE:15:58:9B:42:97:1D:03:9C	5a885db19c01d912c5759388938cafbbdf031ab2d48e91ee15589b42971d039c
129.pem	C = US, ST = Texas, L = Houston, O = SSL Corporation, CN = SSL.com Root Certification Authority RSA	C = US, ST = Texas, L = Houston, O = SSL Corporation, CN = SSL.com Root Certification Authority RSA	7B2C9BD316803299	Feb 12 17:39:39 2016 GMT	Feb 12 17:39:39 2041 GMT	85:66:6A:56:2E:E0:BE:5C:E9:25:C1:D8:89:0A:6F:76:A8:7E:C1:6D:4D:7D:5F:29:EA:74:19:CF:20:12:3B:69	85666a562ee0be5ce925c1d8890a6f76a87ec16d4d7d5f29ea7419cf20123b69
130.pem	C = US, ST = Texas, L = Houston, O = SSL Corporation, CN = SSL.com Root Certification Authority ECC	C = US, ST = Texas, L = Houston, O = SSL Corporation, CN = SSL.com Root Certification Authority ECC	75E6DFCBC1685BA8	Feb 12 18:14:03 2016 GMT	Feb 12 18:14:03 2041 GMT	34:17:BB:06:CC:60:07:DA:1B:96:1C:92:0B:8A:B4:CE:3F:AD:82:0E:4A:A3:0B:9A:CB:C4:A7:4E:BD:CE:BC:65	3417bb06cc6007da1b961c920b8ab4ce3fad820e4aa30b9acbc4a74ebdcebc65
131.pem	C = US, ST = Texas, L = Houston, O = SSL Corporation, CN = SSL.com EV Root Certification Authority RSA R2	C = US, ST = Texas, L = Houston, O = SSL Corporation, CN = SSL.com EV Root Certification Authority RSA R2	56B629CD34BC78F6	May 31 18:14:37 2017 GMT	May 30 18:14:37 2042 GMT	2E:7B:F1:6C:C2:24:85:A7:BB:E2:AA:86:96:75:07:61:B0:AE:39:BE:3B:2F:E9:D0:CC:6D:4E:F7:34:91:42:5C	2e7bf16cc22485a7bbe2aa8696750761b0ae39be3b2fe9d0cc6d4ef73491425c
132.pem	C = US, ST = Texas, L = Houston, O = SSL Corporation, CN = SSL.com EV Root Certification Authority ECC	C = US, ST = Texas, L = Houston, O = SSL Corporation, CN = SSL.com EV Root Certification Authority ECC	2C299C5B16ED0595	Feb 12 18:15:23 2016 GMT	Feb 12 18:15:23 2041 GMT	22:A2:C1:F7:BD:ED:70:4C:C1:E7:01:B5:F4:08:C3:10:88:0F:E9:56:B5:DE:2A:4A:44:F9:9C:87:3A:25:A7:C8	22a2c1f7bded704cc1e701b5f408c310880fe956b5de2a4a44f99c873a25a7c8
