node_name	count
project	253
New Label	205
New Sprite	200
icon	188
Background	177
spine	160
lbl	158
label	136
bg	132
title	90
checkmark	88
content	76
lay	74
TEXT_LABEL	73
PLACEHOLDER_LABEL	73
BACKGROUND_SPRITE	72
view	68
value	67
New Node	53
item	53
val	50
lbl_title	48
RedHitAnim	48
lbl_cur	48
lbl_val	45
icon<Sprite>	43
item_count_bg	42
light	41
bar	40
lbl_text	39
New Node copy	38
node_mask	36
lbl_pro	33
Background<Sprite>	33
editBox	32
lbl<Label>	32
New Sprite(Splash)	31
item1	31
img	29
btn_green	29
item4	29
bar<Sprite>	29
RICHTEXT_CHILD	28
New Sprite copy	28
pro	28
icon_ok	28
Customer2	27
btn_jiantou	27
item2	27
otp_name	27
pro<Sprite>	26
insert_bg	26
node_title	25
node_downing	25
lbl_pro<Label>	25
spr_down_icon	25
download	25
spr_wait_icon	25
download_fail	25
coin	22
node_submodule	22
btn_back	21
btn_records	21
item5	21
spr	21
lbl_des	20
item3	20
gou	20
jiantou	20
close	20
text	19
New Label copy	19
input	19
btn_deposit	18
btn_past	18
lbl_test	18
lbl_name	17
icon_coin	17
isSelect	16
toggle2	16
New Sprite<Sprite>	16
New RichText	16
RedHit	16
toggle1	15
spine<Skeleton>	15
voucher	15
item_bg	15
vip	15
bg_popup_top	14
icon_reward	14
spr_lock	14
toggle3	14
btn_go	14
btn_close	14
Label	14
today	14
rds	14
icon_voucher	14
img_condition	14
icon_add	14
node_vip_lock	14
gray	14
icon_bonus_login_gou	14
bg_popup_edge	13
important	13
PopupBgBig	12
item6	12
lbl_num	12
txt	12
btn_choose	12
spr_ok	11
label<Label>	11
layout	11
txt<Sprite>	11
lbl_time	11
spr_head	11
AvatarFrame	11
lbl_date	11
lbl_t_1 copy	11
btn_copy	11
btn_rule	10
btn	10
node_mask<Mask>	10
spr_head<Sprite>	10
txt_unsel	10
txt_sel	10
toggle4	9
on	9
off	9
item7	9
opt	9
btn_opt	9
otp_change	9
otp_icon	9
otp_expand	9
btn_empty	9
item_phone	9
item_whatapp	9
item_voice	9
label_lan	9
name	9
box	9
btn_friend_refuse	8
item_1	8
wancheng	8
customer	8
node_parent	8
popup_close	8
list	8
node_number	8
node_button	8
node_head	8
db	8
num	8
usdt	8
Lable	8
scv	8
comp	8
val_db	8
listview	7
select	7
bank	7
biaoti	7
spr_today	7
spr_uncomp	7
lbl_detail	7
top	7
btn_how	7
ui	7
yd_float_service	7
bottom	7
btn_cancel	7
heidi	7
btn_refush	7
item15	7
lbl_tips	7
hinit	7
kuang	6
lbl_content	6
title<Sprite>	6
New Label<Label>	6
scrollBar	6
bankTypeBox	6
btn_hall_vip	6
btn_hall_vip<Sprite>	6
bottom_title	6
guanbi	6
node_bank	6
btn_claim	6
icon_gamebg	6
icon_game	6
text_db	6
spr_statu	6
spr_discount	6
spr_new	6
card	6
withdraw_item_bg	6
fee_lbl	6
total_lbl	6
node_upload	6
sprMask	6
showSpr	6
add_lbl	6
withdraw_tips	6
tips_lab	6
item8	6
unselect	6
Favorite1	6
edit	6
lbl_un	6
Item	5
frame	5
neirong	5
lbl_tip	5
lbl_coin	5
btn_add	5
ani	5
back_bg	5
btn_help	5
ATTACHED_NODE_TREE	5
ATTACHED_NODE:root	5
input_number	5
btn_yellow	5
node_lock	5
lbl_draw_tips	5
New 3D Particle<ParticleSystem3D>	5
lbl_win	5
Winning_Gold	5
bg_social_bottom_box	5
dian	5
add	5
blind	5
player	5
ad	4
row	4
bangding	4
kuang_chenggong	4
toggle5	4
spr_bg	4
new	4
ani<Skeleton>	4
btn_exit	4
btn_music	4
btn_sound	4
LMSlots_MenuNode	4
Canvas	4
Main Camera	4
mid	4
btn_left	4
btn_right	4
bank_type	4
btn_login	4
input_otp	4
CommonTip	4
icon_zhongyao	4
lay_out	4
btn_text	4
lbl1	4
rewards	4
line1	4
line3	4
line2	4
whatsapp	4
icon_comp	4
lay_txt	4
btn_qus	4
fengexian	4
RoomListItem	4
btn_room_open	4
btn_room_gary	4
wheel	4
spine_w	4
spine_w<Skeleton>	4
btn_go<Sprite>	4
spine_f	4
spine_f<Skeleton>	4
spine_d	4
spine_d<Skeleton>	4
checkmark<Sprite>	4
lbl_cnt	4
lbl_cnt<Label>	4
lbl_upto	4
lbl_upto<Label>	4
mask	3
editbox	3
lbl2	3
content_bg	3
btn_green2	3
node_time	3
spr_gou	3
safeview	3
btn_add<Sprite>	3
ScrollView	3
bg<Sprite>	3
btn_hint	3
btn_shop_wallet_hint	3
btn_shop_wallet_hint<Sprite>	3
lbl_hint	3
question	3
question<Sprite>	3
HallGameBtn	3
slot_spine	3
jp_grand	3
spr_tip_bg	3
text_tip	3
new_or_hot	3
hot	3
ShopWalletHintCashBouns	3
PopupAboutUs	3
rule_cash	3
btn_service	3
redpack_rain	3
copyright	3
arrow_to	3
lay_ac	3
lbl_empty	3
mask_content	3
lay_content	3
How-to-find_1	3
lbl_no	3
node_btns	3
btn_conflrm	3
tg	3
hint_lbl	3
input_password	3
input_name	3
button_code	3
btn_l	3
btn_r	3
phone	3
phonecode	3
pwd	3
lbl_rule	3
lbl_hinit	3
biaoqian_02	3
lbl_tiltel	3
lbl_t_1	3
node_amount	3
lbl_value	3
beishu_db	3
lbl_mult	3
pr	3
common_tip<Label>	3
LMSlots_Help_prefab	3
node_walltes	3
lbl_verify	3
lbl_step1	3
node_ifsc	3
lbl_step2	3
node_bonus	3
btn_record	3
mask_input	3
name_bg	3
lbl_rew	3
lbl_pt	3
info	3
comm_pop_ui_bg	3
PopupBgSmall	3
lay_btns	3
games_list	3
node_usdt	3
btn_share	3
node_upi	3
hinit_lbl	3
node_ani	3
node_number copy	3
lbl_cur copy	3
UnSelect	3
Select	3
attach	3
menu_line	3
upi	3
tg_bind_icon	3
t_bonus	3
s102	3
s103	3
s104	3
s105	3
s106	3
s107	3
s108	3
s109	3
btn_room_left	3
btn_top	3
bg_bonus	3
New Sprite(Splash)<Sprite>	3
line4	3
bottom_ke copy	3
setPaymentPIN	3
coin_win	3
btn_never	2
yd_call_back	2
btn_upload	2
btn_feedback_upload	2
mobile	2
language	2
item_2	2
btn_confirm	2
avatarframe_v_6	2
node_account	2
return_bonus	2
toggle6	2
RewardFlyAnim	2
UserinfoBar	2
avatarframe_2003	2
LMSlots_Panel_Click	2
bank_bottom	2
view<Mask>	2
New Sprite copy<Sprite>	2
lbl_title<Label>	2
value<Label>	2
lbl_detail<Label>	2
GameTypeSupport	2
DownloadGameTip	2
lay_gray	2
lbl_ti	2
btn_area	2
splite_line	2
l	2
r	2
hugewin	2
builtin-2d-gray-sprite	2
ReferAddTips	2
bg_8	2
wait	2
sys_float	2
avatarframe_2004	2
PageProm	2
avatarframe_2002	2
yd_task_betting_rule	2
di	2
scrollView	2
LMSlots_SpeedEffect	2
btn_email	2
spin	2
ATTACHED_NODE:guangxiao	2
ATTACHED_NODE:icon	2
Headloading	2
emoji_0_4	2
node_add_inrwalltes	2
node_number_re	2
input_number_re	2
banklist	2
promo_end_pop	2
ATTACHED_NODE:biaoti_01	2
ATTACHED_NODE:win	2
ATTACHED_NODE:GD_anniu_2	2
ATTACHED_NODE:GD_juan	2
ATTACHED_NODE:GD_anniu_1	2
ATTACHED_NODE:biaoti_2	2
ATTACHED_NODE:tx	2
ATTACHED_NODE:baodian	2
ATTACHED_NODE:cai	2
ATTACHED_NODE:cilalala	2
ATTACHED_NODE:jbw	2
ATTACHED_NODE:jb2	2
ATTACHED_NODE:jb4	2
ATTACHED_NODE:jb5	2
ATTACHED_NODE:jb6	2
ATTACHED_NODE:jbw2	2
ATTACHED_NODE:jb7	2
ATTACHED_NODE:jb8	2
ATTACHED_NODE:jb9	2
ATTACHED_NODE:jb10	2
ATTACHED_NODE:jb11	2
ATTACHED_NODE:rr	2
ATTACHED_NODE:one44	2
ATTACHED_NODE:one47	2
ATTACHED_NODE:one48	2
ATTACHED_NODE:one50	2
ATTACHED_NODE:one51	2
ATTACHED_NODE:one52	2
ATTACHED_NODE:one53	2
ATTACHED_NODE:one54	2
ATTACHED_NODE:rr3	2
ATTACHED_NODE:one61	2
ATTACHED_NODE:one62	2
ATTACHED_NODE:one63	2
ATTACHED_NODE:one64	2
ATTACHED_NODE:one65	2
ATTACHED_NODE:one66	2
ATTACHED_NODE:one67	2
ATTACHED_NODE:one68	2
ATTACHED_NODE:db	2
ATTACHED_NODE:GD_jinbishuzi	2
lbl_total	2
ATTACHED_NODE:BG	2
ATTACHED_NODE:guang01	2
ATTACHED_NODE:guang02	2
ATTACHED_NODE:GD_anniu_3	2
avatarframe_1003	2
avatarframe_v_0	2
yd_task_profit_rule	2
back_to_game01	2
guang	2
leadboard_claim	2
btn_login_guest_en	2
btn_repair	2
CycleSign	2
light2	2
ShopWalletHintWinnings	2
pannel_rule	2
how_to_find	2
footer	2
footeritem	2
float_bonus_trs	2
upBankWithName	2
node_cnic	2
lbl_cnic	2
cnic_editBox	2
reward_g_01	2
ws	2
node_empty	2
LoginWaitTip	2
node_wait	2
PopupParivateService	2
PopupTermsService	2
lbl_status	2
poly99_LoadingTip	2
node_load	2
coin_total	2
node_mobile_number	2
item copy	2
win2	2
PopupSetting	2
swtich	2
bg_setting_mask	2
version	2
node_ad	2
lbl_desc	2
icon_02	2
PageLogin	2
bg_bonus_login_2	2
text_event_vip_sign	2
lay_pages	2
p1	2
p2	2
p3	2
p4	2
LMSlots_Spine_option	2
node_bet	2
btn_auto	2
yd_withdarwtips	2
package1	2
lbl_withdraw	2
builtin-3d-trail	2
withdraw_unfreeze	2
bg_01	2
bg_03	2
node_rule	2
rule_title	2
unfreeze	2
btn_return	2
builtin-2d-sprite	2
LMSlots_Help_item	2
hintAnim	2
emoji_0_1	2
emoji_0_2	2
node_sys_1	2
PopupNewComerGift	2
builtin-clear-stencil	2
lay_bg	2
tit	2
emoji_0_3	2
node_charge_bank	2
node_bankname	2
node_holdername	2
edit_box	2
promo_tip	2
page_view	2
gem_white_win	2
LMSlots_Top	2
playerCoins	2
playerCoins<Sprite>	2
less_coin	2
less_coin<Skeleton>	2
lbl_coinsNum	2
lbl_coinsNum<Label>	2
head	2
AvatarFrame<Skeleton>	2
btn_menu	2
btn_change	2
builtin-2d-spine	2
avatarframe_v_9	2
Water	2
pannel_leader	2
prize	2
lbl_rank	2
ComingSoon	2
emoji_0_6	2
FloatMenu	2
tap_close_tip	2
btn_sure	2
menu	2
RewardItem	2
avatar	2
pannel_referrals	2
logg	2
left	2
right	2
node_total	2
lbl_uid	2
lbl_balance	2
lbl_bouns	2
lbl_tcbalance	2
lbl_tcbunus	2
PhoneLogin	2
bigwin	2
panel_return	2
back_fenge	2
sco_list	2
arr_r	2
arr_l	2
btn_bigwin_share	2
LMSlots_PrizePool_1	2
promo_success	2
emoji_0_7	2
PopupResponsible	2
avatarframe_v_12	2
emoji_0_8	2
ReferRewardDetail	2
pannel_rewards	2
node_fav	2
builtin-unlit	2
Apocslypticwin	2
upEWalltes	2
ShopWalletHintAmount	2
LMSlots_Loading_Bottom	2
float_popup_rank	2
emoji_0_5	2
jinbi	2
gem_red_win	2
NoCoin_Hint	2
LMSlots_Bottom	2
btn_spin	2
Massivewin	2
NewAppHint	2
HighLight_shareui	2
qr_code	2
lbl_m	2
node_add_ewalltes	2
node_cinc	2
input_cinc	2
node_charge_usdt	2
node_QR	2
btn_save	2
BigWinFab	2
win1	2
win4	2
node_history_feedback	2
content_0	2
node_tips	2
quickpay_select	2
yeqian_db02	2
lbl_ifsc	2
editBox_ifsc	2
WaveLight	2
common_sharefriends	2
sp_line	2
my_link	2
node_mobile_bank	2
avatarframe_1004	2
panel_task	2
SceneTranslate	2
yd_rule_rewards	2
node_payments	2
yd_service	2
ToGameLoading	2
slot_bigwin_share	2
avatarframe_1000	2
LMSlots_SpinEffect	2
system_notice	2
common_rule	2
node_inrwalltes	2
txt_very	2
builtin-3d-particle	2
spr_flycoin_hit	2
HallGameBtn_change	2
node_charge	2
node_add	2
toggle_1	2
flydiamonds	2
LMSlots_Top_Small	2
node_index	2
loading_btn_close	2
LMSlots_Subgame777	2
spr_blue	2
btn_collect	2
PopupMailInfo	2
node_vayu	2
RoomListView	2
LMSlots_Loading_progressBar	2
Broadcast	2
avatarframe_2005	2
luckywheel_history	2
lbl_type	2
pop_rewards	2
float_vouchercode	2
lbl_t	2
lbl_v	2
bg_hall_ge	2
node_search	2
btn_search	2
edit_search	2
l_light1	2
r_light1	2
l_light2	2
r_light2	2
tog_menu	2
s1	2
s2	2
s3	2
spine2	2
set1	2
avatarframe_1001	2
yd_hall_ad_item	2
referlink_feedback	2
bg_effect	2
node_history	2
toggleContainer	2
PopupSign	2
network_error	2
LMSlots_NiceWin_Base	2
yd_rank_item	2
luckywheel_rule	2
NewGuideHint	2
node_add_vayu	2
bonus_unfreeze	2
biaoqian_01	2
btn_coll	2
lbl_value copy	2
node_expri	2
bonus_prom_detail	2
head_icon	2
node_charge_upi	2
return_rewards	2
yd_firstdesposit	2
prefab_bigwin	2
bet23	1
win_massivewin_HD	1
PopupTip_IMG	1
PopupTipimg	1
lang	1
bet2	1
bet22	1
account	1
shenhezhong	1
jujie	1
img copy	1
hint	1
lbl_retime_t	1
lbl_retime_val	1
togg_days	1
toggle7	1
lay_task	1
node_rewards	1
lay_rewards	1
spr_item	1
empty_task	1
lay_coins	1
coin_bonus	1
coin_draw	1
poly99_FloatTip	1
FloatTip	1
Slot.plist	1
walt_bg	1
item_amount	1
item_winnings	1
lbl_hint<Label>	1
btn_withdraw	1
item_cashbouns	1
btn_transfer	1
wallet_node	1
item_ad	1
item_ad<Sprite>	1
item_interest	1
node_apr	1
lbl_apr	1
item_space	1
item_mytransfer	1
item_mytransfer<Sprite>	1
item_manager	1
item_manager<Sprite>	1
item_support	1
item_support<Sprite>	1
bet25	1
tips	1
icon_coin_5_YD	1
btn_dir	1
bet20	1
PopupFairplay	1
3_01	1
3_02	1
3_03	1
popupsign.plist	1
feedback.plist	1
bet21	1
FloatTipMoveAndFade	1
LMTable_MenuNode_ML	1
LMTable_MenuNode	1
win2end	1
mask<Sprite>	1
loading	1
loading<Sprite>	1
bet24	1
popup_texture.plist	1
cert	1
bet13	1
other.plist	1
Login_BC	1
btn_sec	1
ver	1
layout_btns	1
btn_traveller_login	1
btn_register	1
btn_phone_login	1
btn_login_phone_en	1
btn_download	1
you	1
A	1
B	1
C	1
lay_move	1
tiaofu_db	1
in	1
item_0	1
slot_show_autoselect	1
yd_promo_code	1
PromoCode	1
bg1	1
node_get	1
L	1
lbl_get	1
R	1
bg2	1
node_code	1
node_voucher	1
tabs	1
spr_vip	1
faq	1
lbl_ct	1
retime_icon	1
lbl_wait	1
4_01	1
4_02	1
4_03	1
4_04	1
4_05	1
4_06	1
4_07	1
4_08	1
4_09	1
4_10	1
gem_red	1
shield_touch	1
net_tip	1
net_1	1
net_2	1
net_3	1
node_password	1
node_title_name	1
lbl_name_tips	1
node_otp_title	1
BUCKYLINK_lzii01_1	1
zhuanpanshuzi	1
lang_select_box	1
music_item_layout	1
sound_item_layout	1
node_safecenter	1
button	1
icon_01	1
middle	1
btn_layout	1
button_clean_idle	1
unbind	1
aboutUs	1
responsible	1
fairplay	1
termsofservice	1
privateservice	1
btn_build	1
info_page_open	1
texture_usercommon.plist	1
bet14	1
safecenter_main	1
safecenter	1
setPIN	1
modifyPIN	1
EventList	1
PopupVipSign	1
PopupCycleSign	1
texture_hall.plist	1
PhoneBinding	1
PhoneBindingView	1
num_bg	1
toggle_bindtype	1
node_tip	1
lbl_nametips	1
node_top	1
node_speed	1
tog_speed	1
node_auto	1
tog_auto	1
item_coin	1
btn_min	1
lbl_bet	1
tip1	1
package2	1
tip2	1
btn_no	1
btn_yes	1
bet18	1
bank_h5.plist	1
renwu_01	1
lays	1
node_req	1
Luckywheel.plist	1
Day	1
LMSlot_SpineOption.plist	1
spr_title	1
PreLoading_BC	1
progressBar	1
max_bet_liziwenjian01_1	1
info_page_scroll	1
texture_room_list.plist	1
bg_newer_gift	1
bt1	1
btn_account	1
btn_later	1
btn_pay	1
builtin-phong	1
LMSlots_Help_prefab_2	1
popup_close_ar	1
tit_bg	1
bonus_unfreeze.plist	1
LMSlots_Subgame777_item	1
Game777_item	1
font_bigwin	1
sale_num	1
node_add1	1
node_add2	1
bet10	1
node_account_num	1
new_pop_win.plist	1
btn_purchase	1
menu_record	1
logg_week	1
top3	1
lbl_reward	1
lbl_refush	1
btn_info	1
node_my	1
lbl_point	1
bg_2	1
lbl_player	1
lbl_points	1
lbl_prize	1
btns_node	1
float_node	1
btn_return7task	1
btn_welecome	1
btn_frst	1
share_cash	1
invite_bonus	1
btn_cards	1
btn_rank	1
whatsapplink	1
btn_vip	1
btn_rewardstoday	1
btn_notice	1
btn_promo	1
share	1
btn_arrow	1
poly99_AlterView	1
AlterView	1
jiesuan_font	1
bet1	1
winParticle	1
node_today	1
left1	1
right1	1
spr_coin	1
btn_detail	1
lbl_reftime	1
node_page	1
btns	1
btn_forget	1
btn_login_forget_en	1
yd_feedback	1
PopupFeedback	1
icon_head	1
typeselect	1
btn_up	1
common_win3end_HD	1
human_legendary_win	1
text02	1
text01	1
lbl_rec	1
lbl_unc	1
db1	1
bet	1
rate	1
return	1
btn_get	1
state	1
tog_bet	1
btn_all	1
333_free_js	1
usdt_rate	1
PrizePoolNum	1
Refer_Makemoney.plist	1
prizePool_Grand	1
prizePool_Major	1
prizePool_Minor	1
prizePool_Mini	1
hall2	1
2_01	1
2_02	1
bet9	1
bonus.plist	1
safecenter.plist	1
sys_float.plist	1
lbl_title1	1
scroll	1
lbl_cashbonus	1
lbl_cashbalance	1
lbl_action	1
node_cashbalance	1
node_cashbonus	1
node_reg	1
node_des	1
node_tax	1
lbl_canrecv	1
texture_common.plist	1
texture_shop_wallet.plist	1
nice_win	1
en	1
Winning_Coin	1
ShopWalletHintSafe	1
win_apocalypticwin_HD	1
slot_win	1
node_skip_win	1
node_bettips	1
node_bettips<Mask>	1
pro_bet	1
pro_bet<Sprite>	1
spr_kedu	1
spr_kedu<Sprite>	1
txt_less	1
txt_less<Sprite>	1
txt_more	1
txt_more<Sprite>	1
txt_allin	1
txt_allin<Sprite>	1
spr_point	1
spr_point<Sprite>	1
bottombg_l	1
bottombg_l<Sprite>	1
bottomBg_r	1
bottomBg<Sprite>	1
totalBetBg	1
bet_bg	1
bet_bg<Sprite>	1
title_TOTALBET	1
title_MAXBET	1
allin_bg	1
title_allin	1
title_allin<Sprite>	1
btn_minus	1
lbl_betNum	1
lbl_betNum<Label>	1
max_bet_particle	1
max_bet_particle<ParticleSystem>	1
winBg	1
node_pen_coin	1
particle_bigwin	1
particle_bigwin<ParticleSystem>	1
lbl_winNum_nor	1
lbl_winNum_nor<Label>	1
lbl_winNum_up	1
lbl_winNum_up<Label>	1
img_txt_win	1
img_txt_win<Sprite>	1
lizi	1
lizi<ParticleSystem>	1
btn_speed	1
btn_stop	1
node_ani<Skeleton>	1
btn_stopAuto	1
lbl_auto_times	1
lbl_auto_times<Label>	1
nMaxA	1
nMaxA<Sprite>	1
free_time	1
free_bg	1
free_bg<Sprite>	1
lbl_free_time	1
lbl_free_time<Label>	1
MailtenanceNotice	1
mailtenance_notice	1
item_msg	1
win4_end	1
gameicon	1
appicon	1
lbl_1	1
lbl_2	1
spr_t	1
btn_sys	1
btn_fb	1
btn_ws	1
btn_tg	1
node_number_retype	1
node_addr	1
node_rs_amount	1
node_usdt_am	1
bet4	1
bonus_task.plist	1
default-font	1
bg-GUANG	1
winSpine	1
win3	1
winkunag	1
utrOrupi	1
lbl_wstitle	1
content_1	1
message	1
bet3	1
db_02	1
title_node	1
chatBgAtlas.plist	1
fenxiangshuzi	1
5_01	1
5_02	1
5_03	1
5_04	1
5_05	1
5_06	1
5_07	1
5_08	1
5_09	1
5_10	1
5_11	1
5_12	1
5_13	1
5_14	1
5_15	1
5_16	1
5_17	1
common_ui_coin	1
10036_yeqie	1
paytable_common.plist	1
bank_history.plist	1
PopupMailView	1
PopupMail	1
Tabbar	1
tabbar_email_fg	1
Scrollview	1
mail_item	1
red	1
btnLayout	1
btn_delete	1
noData	1
icon_no_data	1
neirong1	1
neirong_list	1
neirong2	1
bank_info	1
lbl_bank_holdname	1
lbl_bank_num	1
lbl_bank_ifsc	1
bank_verify	1
btn_update	1
bet16	1
bet7	1
lbl_share_text	1
bonus	1
viber	1
fb_share	1
sys_share	1
lbl_uptitle	1
texture_net_tip.plist	1
LMSlots_MenuNode1	1
MenuNode<Sprite>	1
paytable_zit	1
common_win3_HD	1
gg	1
gg_text	1
task_list	1
T1	1
T2	1
T3	1
T4	1
lbl_todo	1
node_rewards_des	1
texture_emoji.plist	1
bet6	1
ReturnBonus.plist	1
bet5	1
rules	1
line	1
list_bank	1
button_number	1
node_inr_walltes	1
list_inr_walltes	1
button_inr_walltes	1
list_walltes	1
button_walltes	1
list_upi	1
button_upi	1
list_usdt	1
button_usdt	1
node_vayu_walltes	1
list_vayu_walltes	1
button_vayu_walltes	1
upBank	1
atom	1
win_hugewin_HD	1
UserHead	1
radio_mask	1
uid	1
jinbi_db	1
btn_feedback	1
icon1	1
media_list	1
m_fb	1
m_youtobe	1
m_ins	1
m_telgram	1
m_whatapp	1
laoding	1
spr_cp	1
logo	1
app_name	1
bottom_bg	1
lbl_slogo	1
bet8	1
Launch_BC	1
progress_update	1
script_hotupdate	1
i18nCom	1
GameIcon	1
spine_bg	1
game_loading	1
slot_openBetSelector	1
texture_email.plist	1
loading_clip	1
slot_reel_click	1
node_cur	1
lbl_add	1
btn_clear	1
node_nums	1
toggle_2	1
toggle_3	1
toggle_4	1
node_me_title	1
node_method	1
lbl_min	1
coin_bg	1
t_balance	1
coin_bg2	1
node_voucher_title	1
node_vocher	1
node_select	1
sel_db	1
sel_front	1
item_empty	1
node_customer	1
item14	1
node_hint	1
vocher_list	1
btn_sel	1
lbl_no_tip	1
win1end	1
mini_font	1
info_page_close	1
LMSlots_Common_TOP_JT	1
LoopRot	1
ewalltes	1
vayu	1
inrwalltes	1
PromoCode.plist	1
node_bg	1
bg_up	1
bg_down	1
bg_left	1
bg_right	1
spr_machine	1
node_bg_ani	1
spr_logo	1
spr_red	1
node_content	1
reel1	1
reel2	1
reel3	1
winmask	1
Sp_Game777_Symbol0	1
Sp_Game777_Symbol1	1
Sp_Game777_Symbol2	1
reel_light2	1
reel_light3	1
reel_light1	1
reel_dim1	1
reel_dim2	1
reel_dim3	1
reel_mask1	1
reel_mask2	1
reel_mask3	1
node_mult	1
M1	1
M2	1
M3	1
M4	1
M5	1
M6	1
M7	1
M8	1
node_pop_ui	1
lay_mask	1
spr_bg_l	1
spr_bg_r	1
node_pop_ani	1
title_txt	1
node_start	1
btn_start	1
node_end	1
LMSlots_Common_TOP.plist	1
human_huge_win	1
ftziti1	1
slot_spin	1
infoNode	1
node_space	1
sender	1
send	1
maohao	1
lbl_sender	1
attach_node	1
lbl_title2	1
node_expried	1
bottom_node	1
content2	1
SettingLangBox	1
PopupChangeLanage	1
item_en	1
item_in	1
item_pt	1
item_es	1
item_id	1
item_urdu	1
item_fi	1
item_bl	1
service.plist	1
big_win_particle	1
global_max_bet	1
win_bigwin_HD	1
bg_room_list	1
table_list	1
table_item	1
btn_play	1
btn_room_right	1
fnt_coin	1
AutoTimes	1
builtin-2d-base	1
LMSlots_Common_Portrait.plist	1
LMSlots_Loading_progressBar<Sprite>	1
follow	1
pro<Label>	1
loading_txt	1
loading_txt<Skeleton>	1
hall_menu.plist	1
slot_popup	1
phonebind.plist	1
t_date	1
t_type	1
t_reward	1
lbl_rewards	1
return_rewards.plist	1
btn_backgame	1
paytable_button1_1	1
fnt_mult	1
spin_press	1
human_big_win	1
Hall_BC	1
PageContent2	1
PageHall	1
bg_img	1
games	1
jackpot_lotto	1
lbl_fair_t	1
lbl_cur_t	1
lay_draw	1
lay_myticks	1
btn_view	1
gameType	1
GameList	1
adAndSearch	1
indicator	1
bk	1
node_searchempty	1
not_found_icon	1
Menu	1
bg_l	1
bg_l<Sprite>	1
bg_r	1
bg_r<Sprite>	1
lbl_coin<Label>	1
progress	1
btn_setting	1
email	1
PageContent	1
ShopViewMainV3	1
bg_bonus<Sprite>	1
zhuangshi_01	1
zhuangshi_01<Sprite>	1
zhuangshi_01 copy	1
zhuangshi_01 copy<Sprite>	1
total_coin_bg	1
total_coin_bg<Sprite>	1
biaoti<Sprite>	1
refer_makemoney	1
bg0.5	1
pannel_content	1
node_share	1
fb	1
sys	1
node_feedback	1
btn_feed	1
yd_bonus	1
sp_lines	1
line5	1
toggle4_1	1
toggle4_2	1
toggle4_3	1
toggle4_4	1
toggle2_1	1
toggle1_1	1
toggle2_2	1
toggle3_1	1
toggle3_2	1
toggle3_3	1
luckywheel	1
node_wheel	1
pages	1
page_1	1
page_2	1
page_3	1
page_4	1
node_tog	1
node_tog<Sprite>	1
s1<Sprite>	1
s2<Sprite>	1
s3<Sprite>	1
tog	1
spin_text	1
spin_text<Sprite>	1
Background2	1
Background2<Sprite>	1
stop_text	1
stop_text<Sprite>	1
bt	1
btn_desp	1
Label<Label>	1
item0	1
spr_add	1
spr_add<Sprite>	1
lbl_spin	1
lbl_spin<Label>	1
jiantou<Sprite>	1
lbl_pri	1
lbl_pri<Label>	1
pro_tips	1
pro_tips<Label>	1
ComingSoon<Label>	1
bg_hall_bottom_l	1
bg_hall_bottom_r	1
PageTabbar	1
商城	1
大厅	1
大奖池	1
代理	1
活动	1
ke	1
bottom_ke	1
exit_ani	1
inputPaymentPIN	1
bet19	1
bet11	1
bet12	1
nicewin_font	1
PhoneForget	1
PhoneForgetView	1
time_fnt	1
01	1
02	1
03	1
04	1
bet15	1
human_massive_win	1
fnt	1
gem_white	1
biaotishuzi	1
first_desposit.plist	1
fnt_jackpot2	1
p_hall1	1
p_hall2	1
btn_orderlist	1
filter	1
btn_filter	1
balance_list	1
bet_item	1
lbl_amount	1
dw_list	1
icon_d	1
icon_c	1
orderid_lbl	1
filter_item	1
bet_lbl	1
tiem_lbl	1
zt_db	1
zhuangtai_lbl	1
win_lbl	1
detail_lbl	1
node_help	1
node_fini	1
reason_lbl	1
highlight_list	1
spr_rank	1
item_icon	1
item_spin	1
showHint	1
hinit_lbl copy	1
togg_time	1
btn_connect	1
hall	1
hou	1
ATTACHED_NODE:dibu	1
ATTACHED_NODE:00	1
ATTACHED_NODE:nicewin	1
ATTACHED_NODE:smallwinfont	1
ATTACHED_NODE:nicewinfont	1
ATTACHED_NODE:nicewinfont2	1
lbl_win_up	1
ATTACHED_NODE:guang	1
ATTACHED_NODE:xx3	1
ATTACHED_NODE:xxl	1
ATTACHED_NODE:xxl2	1
ATTACHED_NODE:xxl3	1
ATTACHED_NODE:guang2	1
ATTACHED_NODE:guang3	1
ATTACHED_NODE:fx/cg	1
ATTACHED_NODE:cgz	1
ATTACHED_NODE:cg	1
ATTACHED_NODE:cg2	1
ATTACHED_NODE:cg3	1
ATTACHED_NODE:cg4	1
LMSlots_Common.plist	1
rank	1
points	1
s4	1
n1	1
n2	1
n3	1
n4	1
eff_spine_Remipro_xsyd	1
bigwin_up	1
highlight.plist	1
set2	1
ques_tips_node	1
lbl_ques_tips	1
q1	1
q2	1
q3	1
LMSlots_MenuNode_ML	1
renwu_02	1
type_open	1
node_avaid	1
tog1	1
tog2	1
tog3	1
tog4	1
tog5	1
tog6	1
lbl_nodata	1
bgmask	1
ui_frame_common.plist	1
shop_wallet	1
bet17	1
icon<Mask>	1
default_icon	1
default_icon<Sprite>	1
common_click	1
node_id	1
reward_bg	1
hint_content	1
icon_title	1
1st	1
2nd	1
3rd	1
lbl_time copy	1
spr_sel	1
lbl_addper	1
t_total	1
lbl_base	1
lbl_bonus	1
lbl_price	1
btn_other	1
New Layout	1
bgParticle	1
node_coin	1
node_spin_bg	1
node_spin	1
spr_coin_bg	1
