component_type	count
TypedArray	6395
cc.Size	6364
cc.Node	6363
cc.PrefabInfo	5754
cc.Sprite	2663
cc.Color	1642
cc.Label	1591
cc.Widget	1203
cc.Vec2	1166
cc.SpriteFrame	858
aaffabCRcpLyqXd9ReiHVw6	677
cc.Button	658
cc.LabelOutline	395
d8545zys0dHtZ5ZAVzt5T2h	365
cc.Layout	322
cc.Asset	294
sp.Skeleton	245
cc.Texture2D	229
cc.Prefab	154
cc.Vec3	132
cc.BlockInputEvents	116
cc.CurveRange	114
cc.Mask	100
cc.Toggle	76
cc.EditBox	73
cc.ClickEvent	71
cc.ScrollView	65
sp.SkeletonData	64
dab1aXr/BtAEaymrI0rDHlW	59
cc.AudioClip	55
7b4dcq48PtKRZmC8KT63lIe	53
cc.SpriteAtlas	46
ccdb17+ab5Gh7tJ8gpsiEkC	44
e7804PQnhxBOaquJihou6Nv	43
cc.RichText	38
8e87bp0JApF0ZoTbpHzSrhm	36
cc.PrivateNode	28
2a4d4GFQ+dOY7heAHgKONe4	26
6ad08rNbNdNpaxSt1EujdzV	25
c3054KRr99HS4hEZV2zCAtK	24
d9bb0mm5qtEo5SZMN3bsHfj	24
63bb7QLBdNENZoYZiWInBAy	23
e81f49adrhFr4/bC4YX9Lhx	23
cc.ToggleContainer	22
37627VmnzFMHpxo+HJOLRqO	22
c5a09lTqKZKE6FCobKt/vl8	22
7d745Tg9kdBVY2hl4ctnZIA	22
cc.BitmapFont	21
e35ce9FfPxISqAdIdqvz10Q	19
1786ctzziBNm5jXvffalfGG	16
c9400rbeRtCXrcKajIO69OZ	15
cc.Material	14
cc.Keyframe	12
6a9a8e7AWREMLlM96iZyb3+	11
cc.EffectAsset	10
i18nSpriteFrameSet	10
1991aro2GtAgYStSKhw2Zs+	9
cc.mesh.VertexFormat	9
ce691atpG9LvJAwCbgk7U1Q	9
39fb2mBe+5A7oeKCcaqGx9/	9
a198djyaiRPYpizxX+cbobp	9
cc.ProgressBar	9
cc.ParticleSystem	8
TabbarItem	8
ad634sz45tEsImtk/cu1YrR	7
cc.AnimationCurve	7
cc.ParticleAsset	7
5d3dd3JP59CD5GqmRzYtD19	7
74257ExVoNP55p2xntkzECe	7
cc.BufferRange	6
cc.Scrollbar	6
8343d4NdvdIL5HSEhlFz613	6
abbdfSQlBxA45L8HaG9a2Rn	5
cc.ParticleSystem3D	5
cc.GradientRange	5
cc.ShapeModule	5
cc.VelocityOvertimeModule	5
cc.LimitVelocityOvertimeModule	5
cc.RotationOvertimeModule	5
cc.TextureAnimationModule	5
cc.Animation	4
6616eGBuIRPtbZDOBYOGJyH	4
cc.SceneAsset	4
cc.Scene	4
cc.Canvas	4
cc.Camera	4
66968JyueBP2YWNjLDTBBBr	3
cc.Mesh	3
cc.mesh.VertexBundle	3
cc.mesh.Primitive	3
cc.AnimationClip	3
94546WCz85P9JRTziB4RnmS	3
f7aaedf/MZK1a1tb3mxgU7V	3
cc.PageView	3
759d8nClNpFiLtKm8XB5N9W	3
3c5d24XLk5K9bvKFY98tbbJ	3
1a5dc+DW15NyJt2TvWMMi5r	2
3c317sEIPlPjZjb1hTUxPbt	2
1ae88xEvBxPSL5WcHaiKgk/	2
c2b41HWJs9Nm5DianhCSxD9	2
0ed55j5JkRHtKCoG9lOD50i	2
cc.JsonAsset	2
55e167GqMtFLqOhQCaCqxjX	2
426d93AmcZHx70H1ft3jsvX	2
e89f53QIJJNop+cakjntaFQ	2
84642TMty9P7YQ/qA88XxeQ	2
d9cf3M0YqpDtqDA4y+1OfIs	2
ea6940v0qtDPZbEAulpVI0K	2
3e978ao1iZMmIm1SxhQpl8B	2
eee09lib2VGWrBz2mqKLjhc	2
b9d5dRQiUVEQpZTnXLHaZzf	2
f051c3pgPdH3Ifw9NIiEfTR	2
4c117g9ts1PX7X88xRKjxRo	1
aed453JGKBOXrQGcfUjBgK8	1
5c139NxOQBP/aCyq5KWSKxp	1
cac58FoHCpMjKqZ7BoyJy6j	1
c0d31AUW+dDOZh8VKpXmv+R	1
a1427YtBopKlr3kPeRrDCjY	1
e47c00azNxEyqWLEMNLfqzD	1
700ceRVWyVEM645zvnkkczS	1
b93c7XXT0VC3r6L5pf+KuLh	1
53d8cOC6+hEw5f8oiNu4d6q	1
5fd4dIxZwtG/bnC/+Cpk4FQ	1
26e01ZrUE5GjYbZnO/60n/l	1
67c0cTS2y1NWaOEjk0KySdm	1
dc507CBffpGq6H8dEG7AgQb	1
a293dcaz49BfIMzTETPDW58	1
362cffxF1lBPbavDVYW0PUv	1
00c99tqw4VBDq6ilyYuMcwG	1
9c7e8ULPxRLjroAFU19Qesu	1
5ec92E5jDRIrZCG2otbMMCS	1
5ac2bLziB5CaayBZnz3ah+w	1
bd20dd4YyVILK3hh2KXIQcB	1
b0b82bJikZG4pTnEGYiHVW+	1
6f6b3lYX2ZK2qibvLgxitrV	1
12067P1VdNGEq4GMhxK1O2z	1
fbeccKu51dKhrDAVS0bqHBi	1
21866wJ6nRAXKmTUy7L0oTO	1
5ee7d9cnTlKdptplZ2oUA8z	1
cc.SizeOvertimeModule	1
ed10eMU9p9GtqtK1NNrqcfH	1
169d13bH4hBE5vt1yj4Vgf3	1
6d02573dQJLrrBAw7JQ20Ln	1
e3053Jg02RBM5uHs9sOtXVV	1
9c83dLq0cVMHalqjnIZwZwo	1
d1e3aqTuKhCSIkZIAF7qcP0	1
f0c8dogqyhK0aG0XNUcn3AP	1
d3626asbCZMgqT3cqDQ0ml4	1
81560EvoExDaZFSRe9EH+8b	1
9cf0fybIPVCppnNq/lGz2Oo	1
667c1Po2+dDFKefqZNrARS/	1
7836bdkDo5AAZyv7JhqyJuM	1
ab5a4hm7XxIGrYWvXcbSr+m	1
1f78foz7Q9JmLPK00rnZiN2	1
cc.LabelAtlas	1
9de29iSUoVAZbTUQp2mNjVy	1
54c14Bw/SpLSbUGgddkGHzf	1
e0303EvJZFKb7QoSHhWgVmr	1
5bf8cI3/3RMhINnvYpT2FC/	1
bd7ceUvcOhKYK5RmGGBA8vF	1
3b23ajmkuFL8qWpm/IYGIn/	1
3dce5WFyPtJD6tUtOQ/3Mlp	1
c0d510m3ZdEHZlsIqqSZn9A	1
ce5e6oGB2pBoLsgdqnGdged	1
8768b6UuHxO0JIhkTZZEBjZ	1
8cdb0Awgx9KvLp+HwgM60/0	1
44987Xcm8ZMgrK9v/RuEQqT	1
60d61TYSRFFCaSZVHHwiCiM	1
7a318qZBCBDhJYOThAbDSEc	1
029a0gnGjBAE6aoRW1SL+aT	1
5c11eJv/BFKAZ1Rju0mkAC2	1
2bcfcfj8oFPUKcnGyhy2Qw1	1
7156fV/AnVF3r+Niq+0sTyF	1
2c10dDM7KtJO4jIByowM++y	1
69a22s6XdhLO56qBXJYTphO	1
034a51qWxdNDaNlzw2yxids	1
fc193+opgFKdq94t/Lf8mJb	1
d1723miXINHO6pU/gfOOumR	1
95b40gCeCJDWKYjxQk5idaV	1
c25dcRks45CGb8qfuZ32Luz	1
204cdAE5PNMzJ6nT7S2MMdm	1
cc.Graphics	1
fe682rManZHmJNlzhPnCIjz	1
269cebz3/1DBbo2tlXgAIbx	1
a7996vcrP9Nx7NyGxrgsv+4	1
cc.TTFFont	1
26249igms1EzbDmkjQLY/uJ	1
cb0a7jy7aNEirdKldqFBoAv	1
915f2mLcJJLGK0eTNi65GJN	1
22785qHfEFI/7j7koOIAMYX	1
dcf858MPblDz6yZfsep9y5u	1
7af5bYMe/NL7pRn9gA6v3Ma	1
0c5fdw3K8RNHa5nEGkebkh1	1
2db70BIcnZObZDO6T86DZwI	1
e52e6cCIZdERbTt8IESeYZL	1
de638ntwihEOaojI19uDB5a	1
001acRykMNDGavJADT2wxll	1
a2f6eqHwWhLzLfJRbkQvLMb	1
d3f7a0PiDZI36WHCoNQPMhf	1
4cafeAm+ndOZZtfyfxrL/Cd	1
1c87dFagYtGjK/l5RQOJoEQ	1
8651e97jtNFQLQi0l9CB3ye	1
0fd9636IBhLP4X6O7IjVavv	1
64f2fNkMvZAJJ+DHaZFUex6	1
74948tyrntHi5i2UPGpHEQ3	1
cac32MXG1NANa4TUxtIwcsl	1
cc.Vec4	1
600e6zM5UlJI4I853nAO1hv	1
0847cSeQpxN0YvadUraSDsq	1
deb955p+IpEq6P8MDfb9tZt	1
ec9b8hjq3ZPf5siEk0DgI16	1
4f2864vyOpIFYrJEpmqLywL	1
44b4dc+6N9EFa322FV8HI3e	1
571c4YVlf1PAp/SUiQQPh+R	1
05684Prd59OUYeGdk+HJfCa	1
d8b6fEX50ZMH4oV5WWr21k+	1
12fed4i4gFOI4ENfbQ2bl3r	1
dfc65xAqM1KuaUNC16WYnoC	1
183e2x9ZRpIQLkX+PRZMJbz	1
db4a7IQlL1I8qaekJeMYWmg	1
56607Wf61BJLqShSzjBnjqT	1
e61d4UiwENDnLOVPPi71pJa	1
1f912umgrRGG4fJhXwB40wd	1
eeffd3mGBhMNY+AMBptg0d+	1
c6398hUA6VFoYZBnstOx/Tn	1
6b4758Mig1OX7FxcANGPKrZ	1
cc96coM53ZMZLHurSXJ8yfB	1
ad67cl0d8FD5KXlIrjcJeF4	1
fcf5fh3rrJD46sU94DkaL4u	1
d6c76YryYJKoJBnf+SqRTHX	1
73d16GVRspMD7usCYjOwDlD	1
2dbbbzTbM5BBqfo9BjgkNkI	1
eda44fVmtJABYpcn85sAlVy	1
3f3e2h5bBpCX5G/gJBW2OqP	1
342e7XipZVHaYKeV80YlBsK	1
aaf828aOkROn7KFVyjP94bf	1
d1960cjJt9IpqkQhJZr92eV	1
81d6fHS+dFHlK3DDjh8xNGG	1
1cc38JqG+tPnYlbduS2+/Ul	1
6a321p1lwRBCJnBdJxGhY6l	1
2bef60llz9PUKHo627usXeS	1
a8a98HFFQlNPqJQsAvhEQ3C	1
95ed99hxYZH34pXViEuqCKP	1
0a372A57JxFhoed2BBNdsvw	1
5f2b33nHaBG4ZoJAx8CvWVH	1
f15f8O9RRVOOLRgItziVS7s	1
64d827FCO5Fup9dYdxaOmHX	1
89f0aaHUmNP+5HzbbRp3h1Y	1
66343+5UPRJiaFUQshvWf5/	1
9195183Ri9P6L4aRUHMgE0c	1
891ce3BZXJBg4aIl49VCKB5	1
b018dD3gMFJc6sdl5fj4GMB	1
660c1bikZBO8q2TGHARWNcM	1
7cb86OBfS9IQ47vbOSavUWv	1
b4b26WsggBFeqgI18YwmDVY	1
ad42cq5mE5JfJWnagnHEjnf	1
439deS5KmdOF47BfcOOJ2Ww	1
9a619aClaBCMr2MWWULr75N	1
d65d8aY0NxM3JdJKJU5DOFO	1
820c3eciTdGx4wgWFSYiYtc	1
