sha256	bytes	group_size	path
be8ff221f8b838f9a7faec9c1249b8bfc8c94f8743e6218107c63e355b3dbd85	63	253	assets/res/import/01/011232ef-e3c0-4f34-a88d-8ff5c19d8d23.json
be8ff221f8b838f9a7faec9c1249b8bfc8c94f8743e6218107c63e355b3dbd85	63	253	assets/res/import/03/03e97b5e-6642-4e78-9826-8796c2abe447.json
be8ff221f8b838f9a7faec9c1249b8bfc8c94f8743e6218107c63e355b3dbd85	63	253	assets/res/import/04/04bd0ae4-36c6-4251-9992-3284d8afdf6e.json
be8ff221f8b838f9a7faec9c1249b8bfc8c94f8743e6218107c63e355b3dbd85	63	253	assets/res/import/04/04c69595-cc9e-4592-9016-03cdbeb933df.json
be8ff221f8b838f9a7faec9c1249b8bfc8c94f8743e6218107c63e355b3dbd85	63	253	assets/res/import/05/0511e1fe-d164-4460-b4e9-59f9e96fe10e.json
be8ff221f8b838f9a7faec9c1249b8bfc8c94f8743e6218107c63e355b3dbd85	63	253	assets/res/import/07/0711cd30-ea49-4d56-9d08-1da548d84428.json
be8ff221f8b838f9a7faec9c1249b8bfc8c94f8743e6218107c63e355b3dbd85	63	253	assets/res/import/08/0811261c-acbf-44a7-9afd-e9c668033d79.json
be8ff221f8b838f9a7faec9c1249b8bfc8c94f8743e6218107c63e355b3dbd85	63	253	assets/res/import/09/090cb904-84bf-4b58-a945-e2015964307e.json
be8ff221f8b838f9a7faec9c1249b8bfc8c94f8743e6218107c63e355b3dbd85	63	253	assets/res/import/09/091d1f5c-6c37-4315-a4ab-64b94398d10c.json
be8ff221f8b838f9a7faec9c1249b8bfc8c94f8743e6218107c63e355b3dbd85	63	253	assets/res/import/09/09ae25cf-d258-41cf-b79a-4aced891c40c.json
be8ff221f8b838f9a7faec9c1249b8bfc8c94f8743e6218107c63e355b3dbd85	63	253	assets/res/import/0b/0b58adf3-ea34-42f0-85b0-ceaf21e1f743.json
be8ff221f8b838f9a7faec9c1249b8bfc8c94f8743e6218107c63e355b3dbd85	63	253	assets/res/import/0c/0cb038e5-724f-4200-99ce-6e704e7afd63.json
be8ff221f8b838f9a7faec9c1249b8bfc8c94f8743e6218107c63e355b3dbd85	63	253	assets/res/import/0c/0cb93d42-116b-4204-afaf-9b5e136ef7a1.json
be8ff221f8b838f9a7faec9c1249b8bfc8c94f8743e6218107c63e355b3dbd85	63	253	assets/res/import/0e/0e5576f0-de9a-4da2-9524-6d6221af5925.json
be8ff221f8b838f9a7faec9c1249b8bfc8c94f8743e6218107c63e355b3dbd85	63	253	assets/res/import/12/128bfc19-fd1a-46c7-adbc-29f79846d0b1.json
be8ff221f8b838f9a7faec9c1249b8bfc8c94f8743e6218107c63e355b3dbd85	63	253	assets/res/import/14/14756889-0a15-4f12-9408-be3d3ae09d7c.json
be8ff221f8b838f9a7faec9c1249b8bfc8c94f8743e6218107c63e355b3dbd85	63	253	assets/res/import/14/1482b4fc-8b72-44df-a753-67291621c296.json
be8ff221f8b838f9a7faec9c1249b8bfc8c94f8743e6218107c63e355b3dbd85	63	253	assets/res/import/17/17f7f037-2ae2-4234-b6d1-7ffda73f912e.json
be8ff221f8b838f9a7faec9c1249b8bfc8c94f8743e6218107c63e355b3dbd85	63	253	assets/res/import/18/185f25c6-d539-4ea7-8091-a98c97bd3681.json
be8ff221f8b838f9a7faec9c1249b8bfc8c94f8743e6218107c63e355b3dbd85	63	253	assets/res/import/18/18a2b13e-6efe-4331-9180-03c912d528a5.json
be8ff221f8b838f9a7faec9c1249b8bfc8c94f8743e6218107c63e355b3dbd85	63	253	assets/res/import/18/18e06777-e500-425c-bd73-efbf4644209d.json
be8ff221f8b838f9a7faec9c1249b8bfc8c94f8743e6218107c63e355b3dbd85	63	253	assets/res/import/19/19767f34-e96e-4fd0-bdac-7914f3d0c9cf.json
be8ff221f8b838f9a7faec9c1249b8bfc8c94f8743e6218107c63e355b3dbd85	63	253	assets/res/import/1a/1a261599-d513-4043-81dd-435d77e358c1.json
be8ff221f8b838f9a7faec9c1249b8bfc8c94f8743e6218107c63e355b3dbd85	63	253	assets/res/import/1a/1ae9c855-ebcc-425c-8a0e-682e5d4f9d0e.json
be8ff221f8b838f9a7faec9c1249b8bfc8c94f8743e6218107c63e355b3dbd85	63	253	assets/res/import/1b/1b337676-8bdc-4d51-9504-b1a2cd3b73ca.json
be8ff221f8b838f9a7faec9c1249b8bfc8c94f8743e6218107c63e355b3dbd85	63	253	assets/res/import/1e/1e96b3d9-d626-4a2b-bd37-2aa0a266746f.json
be8ff221f8b838f9a7faec9c1249b8bfc8c94f8743e6218107c63e355b3dbd85	63	253	assets/res/import/1f/1f23fbe6-ae34-4840-80a0-1aa78ea396dc.json
be8ff221f8b838f9a7faec9c1249b8bfc8c94f8743e6218107c63e355b3dbd85	63	253	assets/res/import/1f/1f6d64e2-aaf5-4327-bbc8-4179f1b6457e.json
be8ff221f8b838f9a7faec9c1249b8bfc8c94f8743e6218107c63e355b3dbd85	63	253	assets/res/import/21/21eeb02a-c428-4c1d-ac6e-3e0bee2b823b.json
be8ff221f8b838f9a7faec9c1249b8bfc8c94f8743e6218107c63e355b3dbd85	63	253	assets/res/import/22/22169d7d-24d7-4620-9e62-8e842f755377.json
be8ff221f8b838f9a7faec9c1249b8bfc8c94f8743e6218107c63e355b3dbd85	63	253	assets/res/import/23/2351dedb-5764-4862-bcaf-0bef5bf9ff48.json
be8ff221f8b838f9a7faec9c1249b8bfc8c94f8743e6218107c63e355b3dbd85	63	253	assets/res/import/24/24783305-0d5e-43d6-a3ca-58e4dced91ca.json
be8ff221f8b838f9a7faec9c1249b8bfc8c94f8743e6218107c63e355b3dbd85	63	253	assets/res/import/24/24bf34b7-116f-43fb-9972-a56d131c595f.json
be8ff221f8b838f9a7faec9c1249b8bfc8c94f8743e6218107c63e355b3dbd85	63	253	assets/res/import/25/255ed77e-7022-4e77-9506-37e6847fdc28.json
be8ff221f8b838f9a7faec9c1249b8bfc8c94f8743e6218107c63e355b3dbd85	63	253	assets/res/import/25/2585352b-b1a7-4022-8976-fea744af42f8.json
be8ff221f8b838f9a7faec9c1249b8bfc8c94f8743e6218107c63e355b3dbd85	63	253	assets/res/import/26/2606a540-62c0-44c8-9a9c-d5c9ea48d44e.json
be8ff221f8b838f9a7faec9c1249b8bfc8c94f8743e6218107c63e355b3dbd85	63	253	assets/res/import/29/2922c908-df92-4c6b-92f9-2b98c4abb307.json
be8ff221f8b838f9a7faec9c1249b8bfc8c94f8743e6218107c63e355b3dbd85	63	253	assets/res/import/29/297a79ee-c658-4437-aec6-2e7f7e4da7cf.json
be8ff221f8b838f9a7faec9c1249b8bfc8c94f8743e6218107c63e355b3dbd85	63	253	assets/res/import/29/29de62c1-b561-4fdf-ac9a-d5a4d1a6a002.json
be8ff221f8b838f9a7faec9c1249b8bfc8c94f8743e6218107c63e355b3dbd85	63	253	assets/res/import/2a/2a98c32b-e3e5-4d9f-8105-206e81029e4e.json
be8ff221f8b838f9a7faec9c1249b8bfc8c94f8743e6218107c63e355b3dbd85	63	253	assets/res/import/2a/2ac81cf3-af8d-49a0-acde-f789af716d62.json
be8ff221f8b838f9a7faec9c1249b8bfc8c94f8743e6218107c63e355b3dbd85	63	253	assets/res/import/2a/2aef23db-15ee-497f-9349-c4c9dbc386f6.json
be8ff221f8b838f9a7faec9c1249b8bfc8c94f8743e6218107c63e355b3dbd85	63	253	assets/res/import/2b/2bab6332-5b1d-4577-af97-e7bd26f2c297.json
be8ff221f8b838f9a7faec9c1249b8bfc8c94f8743e6218107c63e355b3dbd85	63	253	assets/res/import/2c/2cd315e4-ec84-471c-96f5-b4b9aa100a0d.json
be8ff221f8b838f9a7faec9c1249b8bfc8c94f8743e6218107c63e355b3dbd85	63	253	assets/res/import/2d/2dee90a9-0ec5-4524-9643-530b2cf252d9.json
be8ff221f8b838f9a7faec9c1249b8bfc8c94f8743e6218107c63e355b3dbd85	63	253	assets/res/import/2e/2e11e3d6-49bc-467d-b64c-d58a8f6a905b.json
be8ff221f8b838f9a7faec9c1249b8bfc8c94f8743e6218107c63e355b3dbd85	63	253	assets/res/import/2e/2e8c4a71-9d35-4f6b-b812-0a7c3e5d9f28.json
be8ff221f8b838f9a7faec9c1249b8bfc8c94f8743e6218107c63e355b3dbd85	63	253	assets/res/import/30/30354e79-aecc-44b8-a1f1-ea362ba57753.json
be8ff221f8b838f9a7faec9c1249b8bfc8c94f8743e6218107c63e355b3dbd85	63	253	assets/res/import/32/325b4ae4-f758-4303-9598-4cb43f4c59e8.json
be8ff221f8b838f9a7faec9c1249b8bfc8c94f8743e6218107c63e355b3dbd85	63	253	assets/res/import/32/32f52bee-2df9-49f7-b775-8c7fed59030c.json
be8ff221f8b838f9a7faec9c1249b8bfc8c94f8743e6218107c63e355b3dbd85	63	253	assets/res/import/34/34499a9b-fc7c-4b20-b9bb-c3ae0c140b3c.json
be8ff221f8b838f9a7faec9c1249b8bfc8c94f8743e6218107c63e355b3dbd85	63	253	assets/res/import/34/34bc17fe-9842-4c45-a671-8ea7dba2e6f2.json
be8ff221f8b838f9a7faec9c1249b8bfc8c94f8743e6218107c63e355b3dbd85	63	253	assets/res/import/35/352fafd5-f901-41a9-a478-9e4edd919886.json
be8ff221f8b838f9a7faec9c1249b8bfc8c94f8743e6218107c63e355b3dbd85	63	253	assets/res/import/35/354ae739-3313-46cc-a06b-62de79837821.json
be8ff221f8b838f9a7faec9c1249b8bfc8c94f8743e6218107c63e355b3dbd85	63	253	assets/res/import/35/354b9f46-9621-44e8-bc09-9fd6fdc3b151.json
be8ff221f8b838f9a7faec9c1249b8bfc8c94f8743e6218107c63e355b3dbd85	63	253	assets/res/import/37/374a7609-831a-468c-a7ce-0c00960bb7a0.json
be8ff221f8b838f9a7faec9c1249b8bfc8c94f8743e6218107c63e355b3dbd85	63	253	assets/res/import/38/387f172f-dda1-44c5-ae2b-0d6f7f6cff36.json
be8ff221f8b838f9a7faec9c1249b8bfc8c94f8743e6218107c63e355b3dbd85	63	253	assets/res/import/3a/3a7f8cda-5288-49e2-8e34-6ca7232d8ef4.json
be8ff221f8b838f9a7faec9c1249b8bfc8c94f8743e6218107c63e355b3dbd85	63	253	assets/res/import/3a/3af95820-5b4e-441a-948a-2e249ab24521.json
be8ff221f8b838f9a7faec9c1249b8bfc8c94f8743e6218107c63e355b3dbd85	63	253	assets/res/import/3b/3b6e6deb-e57f-4c86-b522-ec7423a2dcfd.json
be8ff221f8b838f9a7faec9c1249b8bfc8c94f8743e6218107c63e355b3dbd85	63	253	assets/res/import/3c/3c437837-ff11-4ade-ba1f-f4f11cdac7d5.json
be8ff221f8b838f9a7faec9c1249b8bfc8c94f8743e6218107c63e355b3dbd85	63	253	assets/res/import/3d/3d2bee9e-056b-4382-931f-c1c1591aea99.json
be8ff221f8b838f9a7faec9c1249b8bfc8c94f8743e6218107c63e355b3dbd85	63	253	assets/res/import/3d/3db8967a-c614-49d7-9621-637e22f53981.json
be8ff221f8b838f9a7faec9c1249b8bfc8c94f8743e6218107c63e355b3dbd85	63	253	assets/res/import/41/41204fcd-4c6d-4360-bb3b-680ef82eb190.json
be8ff221f8b838f9a7faec9c1249b8bfc8c94f8743e6218107c63e355b3dbd85	63	253	assets/res/import/41/41ace276-8da3-4782-99f2-d6869dacbac7.json
be8ff221f8b838f9a7faec9c1249b8bfc8c94f8743e6218107c63e355b3dbd85	63	253	assets/res/import/42/42997e88-71df-4997-9e18-1aa9766fd46f.json
be8ff221f8b838f9a7faec9c1249b8bfc8c94f8743e6218107c63e355b3dbd85	63	253	assets/res/import/44/44b90a42-715a-4bb0-9833-edfae698fde1.json
be8ff221f8b838f9a7faec9c1249b8bfc8c94f8743e6218107c63e355b3dbd85	63	253	assets/res/import/45/45d692ee-0055-4c49-9dee-3fcc0093f921.json
be8ff221f8b838f9a7faec9c1249b8bfc8c94f8743e6218107c63e355b3dbd85	63	253	assets/res/import/46/46f5d64c-bd40-431c-9d0d-f14ad2058dda.json
be8ff221f8b838f9a7faec9c1249b8bfc8c94f8743e6218107c63e355b3dbd85	63	253	assets/res/import/4b/4b8a7547-042e-4881-bd0b-7a2f412c8eca.json
be8ff221f8b838f9a7faec9c1249b8bfc8c94f8743e6218107c63e355b3dbd85	63	253	assets/res/import/4c/4cd8d927-6a13-4f72-84d5-af82dbcbcae7.json
be8ff221f8b838f9a7faec9c1249b8bfc8c94f8743e6218107c63e355b3dbd85	63	253	assets/res/import/4e/4e953485-1ec5-49b5-b457-6ba4edee19dd.json
be8ff221f8b838f9a7faec9c1249b8bfc8c94f8743e6218107c63e355b3dbd85	63	253	assets/res/import/50/502fcf61-e223-4113-b06a-490aa058b58e.json
be8ff221f8b838f9a7faec9c1249b8bfc8c94f8743e6218107c63e355b3dbd85	63	253	assets/res/import/50/50486608-f15e-44d3-92cb-7ac4a4c376a3.json
be8ff221f8b838f9a7faec9c1249b8bfc8c94f8743e6218107c63e355b3dbd85	63	253	assets/res/import/51/511ae428-52cd-4111-b42e-c35196835c1e.json
be8ff221f8b838f9a7faec9c1249b8bfc8c94f8743e6218107c63e355b3dbd85	63	253	assets/res/import/51/519c422e-6ca2-422b-9482-4847e9b42983.json
be8ff221f8b838f9a7faec9c1249b8bfc8c94f8743e6218107c63e355b3dbd85	63	253	assets/res/import/52/5212d6d7-5d01-462a-b7dc-b304e2da0c22.json
be8ff221f8b838f9a7faec9c1249b8bfc8c94f8743e6218107c63e355b3dbd85	63	253	assets/res/import/54/54e8a3bf-4941-4a10-95e8-425c71a5aa54.json
be8ff221f8b838f9a7faec9c1249b8bfc8c94f8743e6218107c63e355b3dbd85	63	253	assets/res/import/57/57454a56-f290-4f5f-a1cf-325935bd9e3f.json
be8ff221f8b838f9a7faec9c1249b8bfc8c94f8743e6218107c63e355b3dbd85	63	253	assets/res/import/57/57a25e79-72ea-46df-b870-a8c834fb7c7d.json
be8ff221f8b838f9a7faec9c1249b8bfc8c94f8743e6218107c63e355b3dbd85	63	253	assets/res/import/58/580ed5da-d1f0-4e38-be9c-27786939c46a.json
be8ff221f8b838f9a7faec9c1249b8bfc8c94f8743e6218107c63e355b3dbd85	63	253	assets/res/import/5a/5a26085e-62a9-4f33-8bdf-413ca1bb4e14.json
be8ff221f8b838f9a7faec9c1249b8bfc8c94f8743e6218107c63e355b3dbd85	63	253	assets/res/import/5a/5a5fda75-a532-40c4-9ffc-2f7d26596c84.json
be8ff221f8b838f9a7faec9c1249b8bfc8c94f8743e6218107c63e355b3dbd85	63	253	assets/res/import/5e/5e3307e2-511c-4d1a-906c-b6faf1170498.json
be8ff221f8b838f9a7faec9c1249b8bfc8c94f8743e6218107c63e355b3dbd85	63	253	assets/res/import/5e/5eb2e997-11d0-4016-a2f7-40b4d29d3a41.json
be8ff221f8b838f9a7faec9c1249b8bfc8c94f8743e6218107c63e355b3dbd85	63	253	assets/res/import/61/61334a3d-88e8-4dd3-900c-2843d4cd7871.json
be8ff221f8b838f9a7faec9c1249b8bfc8c94f8743e6218107c63e355b3dbd85	63	253	assets/res/import/62/628d58ad-1770-47c8-b23e-555e1a850e14.json
be8ff221f8b838f9a7faec9c1249b8bfc8c94f8743e6218107c63e355b3dbd85	63	253	assets/res/import/63/637c7230-9012-4ec1-89e4-8f4f41082f07.json
be8ff221f8b838f9a7faec9c1249b8bfc8c94f8743e6218107c63e355b3dbd85	63	253	assets/res/import/64/64cf9ed9-01d6-481e-9ef8-49f1277dc4a8.json
be8ff221f8b838f9a7faec9c1249b8bfc8c94f8743e6218107c63e355b3dbd85	63	253	assets/res/import/66/66c47899-5e14-42eb-a8a5-a0a311cf1273.json
be8ff221f8b838f9a7faec9c1249b8bfc8c94f8743e6218107c63e355b3dbd85	63	253	assets/res/import/6e/6e959e52-746b-4422-acc4-96196fad05fa.json
be8ff221f8b838f9a7faec9c1249b8bfc8c94f8743e6218107c63e355b3dbd85	63	253	assets/res/import/6f/6f8b26d3-2773-4551-9baa-4878493d864a.json
be8ff221f8b838f9a7faec9c1249b8bfc8c94f8743e6218107c63e355b3dbd85	63	253	assets/res/import/6f/6feea0b8-905e-463a-b2fc-d03a708d975f.json
be8ff221f8b838f9a7faec9c1249b8bfc8c94f8743e6218107c63e355b3dbd85	63	253	assets/res/import/70/702efd35-df4e-4505-941c-5a8a5f36946b.json
be8ff221f8b838f9a7faec9c1249b8bfc8c94f8743e6218107c63e355b3dbd85	63	253	assets/res/import/70/70ad8aa6-0d5e-44c0-80f8-7ddfc8f1cc80.json
be8ff221f8b838f9a7faec9c1249b8bfc8c94f8743e6218107c63e355b3dbd85	63	253	assets/res/import/70/70f3e0df-280e-43fe-bf30-79f68f0f6a33.json
be8ff221f8b838f9a7faec9c1249b8bfc8c94f8743e6218107c63e355b3dbd85	63	253	assets/res/import/70/70f91277-5a95-44b1-9ecf-71600e58e2ac.json
be8ff221f8b838f9a7faec9c1249b8bfc8c94f8743e6218107c63e355b3dbd85	63	253	assets/res/import/71/7182c53e-6100-4a01-9e8b-24d1c3450d6f.json
be8ff221f8b838f9a7faec9c1249b8bfc8c94f8743e6218107c63e355b3dbd85	63	253	assets/res/import/75/754b8944-adf6-4d41-8f10-528e411a5e7f.json
be8ff221f8b838f9a7faec9c1249b8bfc8c94f8743e6218107c63e355b3dbd85	63	253	assets/res/import/76/762185ae-726f-4ddc-afa6-fe3f8c073429.json
be8ff221f8b838f9a7faec9c1249b8bfc8c94f8743e6218107c63e355b3dbd85	63	253	assets/res/import/76/76e34013-d861-4bb2-8dde-f3b504908f21.json
be8ff221f8b838f9a7faec9c1249b8bfc8c94f8743e6218107c63e355b3dbd85	63	253	assets/res/import/79/79b115cf-4df9-46f4-852e-0b8a2573dc4b.json
be8ff221f8b838f9a7faec9c1249b8bfc8c94f8743e6218107c63e355b3dbd85	63	253	assets/res/import/79/79e0625b-a4d4-44e2-bacd-4170d507a002.json
be8ff221f8b838f9a7faec9c1249b8bfc8c94f8743e6218107c63e355b3dbd85	63	253	assets/res/import/7a/7a32619f-24bf-43f8-9b67-58c2ca0020f5.json
be8ff221f8b838f9a7faec9c1249b8bfc8c94f8743e6218107c63e355b3dbd85	63	253	assets/res/import/7a/7a94e381-9776-4d07-af84-b59e8cf3edcf.json
be8ff221f8b838f9a7faec9c1249b8bfc8c94f8743e6218107c63e355b3dbd85	63	253	assets/res/import/7a/7ad5a6f8-d605-4ed3-9f75-21ac4afee16f.json
be8ff221f8b838f9a7faec9c1249b8bfc8c94f8743e6218107c63e355b3dbd85	63	253	assets/res/import/7c/7c54c32b-ee82-4bde-92b6-7fec0615a6db.json
be8ff221f8b838f9a7faec9c1249b8bfc8c94f8743e6218107c63e355b3dbd85	63	253	assets/res/import/7c/7ce0a00a-1b63-4f44-873b-450d11b83327.json
be8ff221f8b838f9a7faec9c1249b8bfc8c94f8743e6218107c63e355b3dbd85	63	253	assets/res/import/7d/7d36e207-0678-4229-bb8f-5e0befa27582.json
be8ff221f8b838f9a7faec9c1249b8bfc8c94f8743e6218107c63e355b3dbd85	63	253	assets/res/import/80/809f9773-b8b0-409f-8f39-be17bc13dc8a.json
be8ff221f8b838f9a7faec9c1249b8bfc8c94f8743e6218107c63e355b3dbd85	63	253	assets/res/import/82/822ed93b-78b0-4574-99a7-1bdb4c62f2ff.json
be8ff221f8b838f9a7faec9c1249b8bfc8c94f8743e6218107c63e355b3dbd85	63	253	assets/res/import/83/83380dfc-a208-4667-af97-3382d937838d.json
be8ff221f8b838f9a7faec9c1249b8bfc8c94f8743e6218107c63e355b3dbd85	63	253	assets/res/import/83/83d327af-d0c1-439f-ae17-f97e63f8e55b.json
be8ff221f8b838f9a7faec9c1249b8bfc8c94f8743e6218107c63e355b3dbd85	63	253	assets/res/import/84/84c5570d-56fe-4b22-a544-49157ec94792.json
be8ff221f8b838f9a7faec9c1249b8bfc8c94f8743e6218107c63e355b3dbd85	63	253	assets/res/import/85/85cb3283-df0b-4bb7-8215-a25956c33980.json
be8ff221f8b838f9a7faec9c1249b8bfc8c94f8743e6218107c63e355b3dbd85	63	253	assets/res/import/86/86095591-5af7-4184-9527-335f40773578.json
be8ff221f8b838f9a7faec9c1249b8bfc8c94f8743e6218107c63e355b3dbd85	63	253	assets/res/import/86/8663b78e-e211-4a5b-9a4d-b60ae6af8f7c.json
be8ff221f8b838f9a7faec9c1249b8bfc8c94f8743e6218107c63e355b3dbd85	63	253	assets/res/import/87/87bc35fd-4cfa-4549-9342-eee034e1531b.json
be8ff221f8b838f9a7faec9c1249b8bfc8c94f8743e6218107c63e355b3dbd85	63	253	assets/res/import/8a/8a0effe2-ab17-45c2-bca2-eaafd489b633.json
be8ff221f8b838f9a7faec9c1249b8bfc8c94f8743e6218107c63e355b3dbd85	63	253	assets/res/import/8a/8a1a3d4b-24d4-49d9-b4ef-451703941f76.json
be8ff221f8b838f9a7faec9c1249b8bfc8c94f8743e6218107c63e355b3dbd85	63	253	assets/res/import/8a/8ac81666-33af-40c0-a4c3-99a0c2eccc74.json
be8ff221f8b838f9a7faec9c1249b8bfc8c94f8743e6218107c63e355b3dbd85	63	253	assets/res/import/8a/8adb20da-2ccf-401c-a289-34b1b0e633d4.json
be8ff221f8b838f9a7faec9c1249b8bfc8c94f8743e6218107c63e355b3dbd85	63	253	assets/res/import/8b/8bd89559-6a3d-4213-9983-e76d00644521.json
be8ff221f8b838f9a7faec9c1249b8bfc8c94f8743e6218107c63e355b3dbd85	63	253	assets/res/import/8c/8c31d8bb-449a-49f5-8bd4-88961d118cde.json
be8ff221f8b838f9a7faec9c1249b8bfc8c94f8743e6218107c63e355b3dbd85	63	253	assets/res/import/8c/8c7ae5ed-ac6e-4cad-951f-d4708e60fca6.json
be8ff221f8b838f9a7faec9c1249b8bfc8c94f8743e6218107c63e355b3dbd85	63	253	assets/res/import/8c/8cec98a3-d1b2-4a09-ac11-4fe2e703f8f7.json
be8ff221f8b838f9a7faec9c1249b8bfc8c94f8743e6218107c63e355b3dbd85	63	253	assets/res/import/8d/8d7393a7-6b57-48da-a28d-0bb9cf34477e.json
be8ff221f8b838f9a7faec9c1249b8bfc8c94f8743e6218107c63e355b3dbd85	63	253	assets/res/import/8e/8e135bca-c3ca-4e12-b9b3-8512c70b3f24.json
be8ff221f8b838f9a7faec9c1249b8bfc8c94f8743e6218107c63e355b3dbd85	63	253	assets/res/import/8e/8e21633b-dffa-4bdf-a72d-7a8df83f95fa.json
be8ff221f8b838f9a7faec9c1249b8bfc8c94f8743e6218107c63e355b3dbd85	63	253	assets/res/import/8f/8f1adfac-a41e-4b1b-989f-402610f23d5b.json
be8ff221f8b838f9a7faec9c1249b8bfc8c94f8743e6218107c63e355b3dbd85	63	253	assets/res/import/8f/8f7816a8-5b97-4e45-97fa-5de0419c9ed6.json
be8ff221f8b838f9a7faec9c1249b8bfc8c94f8743e6218107c63e355b3dbd85	63	253	assets/res/import/8f/8fdda90e-9515-4ee8-9302-d59cf50833f2.json
be8ff221f8b838f9a7faec9c1249b8bfc8c94f8743e6218107c63e355b3dbd85	63	253	assets/res/import/90/90e5bb5c-f6b2-494f-9bb3-82f05685ddf1.json
be8ff221f8b838f9a7faec9c1249b8bfc8c94f8743e6218107c63e355b3dbd85	63	253	assets/res/import/92/9238f021-59c1-4b7b-a3ac-3be0c776fbb0.json
be8ff221f8b838f9a7faec9c1249b8bfc8c94f8743e6218107c63e355b3dbd85	63	253	assets/res/import/92/929ddff0-fe22-4e5f-9284-a8cd3b3b8782.json
be8ff221f8b838f9a7faec9c1249b8bfc8c94f8743e6218107c63e355b3dbd85	63	253	assets/res/import/93/931406ea-9df4-406f-a5d3-953ae1234089.json
be8ff221f8b838f9a7faec9c1249b8bfc8c94f8743e6218107c63e355b3dbd85	63	253	assets/res/import/93/932f7649-59df-417a-9e78-e1b6998aa491.json
be8ff221f8b838f9a7faec9c1249b8bfc8c94f8743e6218107c63e355b3dbd85	63	253	assets/res/import/93/93758ba6-04e0-4b08-abb2-f72a0319aa50.json
be8ff221f8b838f9a7faec9c1249b8bfc8c94f8743e6218107c63e355b3dbd85	63	253	assets/res/import/96/96b24541-d844-41dc-8e72-45a69adcbf06.json
be8ff221f8b838f9a7faec9c1249b8bfc8c94f8743e6218107c63e355b3dbd85	63	253	assets/res/import/97/971223db-a03d-4b2e-84b6-9dae9cc28a91.json
be8ff221f8b838f9a7faec9c1249b8bfc8c94f8743e6218107c63e355b3dbd85	63	253	assets/res/import/97/975591d2-878f-4c37-9d9c-61f6dcaad6ef.json
be8ff221f8b838f9a7faec9c1249b8bfc8c94f8743e6218107c63e355b3dbd85	63	253	assets/res/import/99/99d32e12-d611-45c5-b46b-90c424234d30.json
be8ff221f8b838f9a7faec9c1249b8bfc8c94f8743e6218107c63e355b3dbd85	63	253	assets/res/import/9a/9a22b2f2-f6a4-4152-a08d-1e172e8dc4df.json
be8ff221f8b838f9a7faec9c1249b8bfc8c94f8743e6218107c63e355b3dbd85	63	253	assets/res/import/9a/9a8eb2c2-1d99-460a-bc93-b12c70a9baf6.json
be8ff221f8b838f9a7faec9c1249b8bfc8c94f8743e6218107c63e355b3dbd85	63	253	assets/res/import/9b/9b380ced-6ecc-42dc-907f-e1e82693be40.json
be8ff221f8b838f9a7faec9c1249b8bfc8c94f8743e6218107c63e355b3dbd85	63	253	assets/res/import/9c/9c61bdf6-013f-4c96-841d-b487ecb0882b.json
be8ff221f8b838f9a7faec9c1249b8bfc8c94f8743e6218107c63e355b3dbd85	63	253	assets/res/import/9d/9d7023ff-6130-4712-bd31-beff7cfa0a78.json
be8ff221f8b838f9a7faec9c1249b8bfc8c94f8743e6218107c63e355b3dbd85	63	253	assets/res/import/9f/9f6b9128-6e8b-46f5-929e-1b79101bc844.json
be8ff221f8b838f9a7faec9c1249b8bfc8c94f8743e6218107c63e355b3dbd85	63	253	assets/res/import/a1/a12240e6-446b-49c9-b58e-a2f280b084ae.json
be8ff221f8b838f9a7faec9c1249b8bfc8c94f8743e6218107c63e355b3dbd85	63	253	assets/res/import/a1/a18a65e3-8522-4c71-907a-44d7abe0cf2c.json
be8ff221f8b838f9a7faec9c1249b8bfc8c94f8743e6218107c63e355b3dbd85	63	253	assets/res/import/a2/a25f2592-77db-4efd-8f8b-5668ac4f94fe.json
be8ff221f8b838f9a7faec9c1249b8bfc8c94f8743e6218107c63e355b3dbd85	63	253	assets/res/import/a3/a32ca070-9835-453c-a040-d55d49659203.json
be8ff221f8b838f9a7faec9c1249b8bfc8c94f8743e6218107c63e355b3dbd85	63	253	assets/res/import/a3/a3a04cf1-e82b-47a3-aa4e-0192686d416d.json
be8ff221f8b838f9a7faec9c1249b8bfc8c94f8743e6218107c63e355b3dbd85	63	253	assets/res/import/a4/a4e22a9b-5f64-4385-a4b1-ad4d7c01c560.json
be8ff221f8b838f9a7faec9c1249b8bfc8c94f8743e6218107c63e355b3dbd85	63	253	assets/res/import/a7/a72cd3f4-cf62-4c71-a474-eff5f16185b7.json
be8ff221f8b838f9a7faec9c1249b8bfc8c94f8743e6218107c63e355b3dbd85	63	253	assets/res/import/a7/a7334bc8-69f6-42f9-bbf9-7cacb720d31e.json
be8ff221f8b838f9a7faec9c1249b8bfc8c94f8743e6218107c63e355b3dbd85	63	253	assets/res/import/a8/a88b5780-04b4-47e7-ab4c-0e8236682439.json
be8ff221f8b838f9a7faec9c1249b8bfc8c94f8743e6218107c63e355b3dbd85	63	253	assets/res/import/a9/a90fb572-44b0-4bf9-b82a-783a6404451f.json
be8ff221f8b838f9a7faec9c1249b8bfc8c94f8743e6218107c63e355b3dbd85	63	253	assets/res/import/a9/a93a4b6f-f0f6-4c27-805e-fdf726669e6c.json
be8ff221f8b838f9a7faec9c1249b8bfc8c94f8743e6218107c63e355b3dbd85	63	253	assets/res/import/aa/aaa4f37b-49ac-4725-b535-4c9c724ebfd6.json
be8ff221f8b838f9a7faec9c1249b8bfc8c94f8743e6218107c63e355b3dbd85	63	253	assets/res/import/aa/aad24d50-524f-41c9-8c83-82bad5f77472.json
be8ff221f8b838f9a7faec9c1249b8bfc8c94f8743e6218107c63e355b3dbd85	63	253	assets/res/import/ab/abce688d-54ed-4545-bc4b-6a82167ffe21.json
be8ff221f8b838f9a7faec9c1249b8bfc8c94f8743e6218107c63e355b3dbd85	63	253	assets/res/import/ac/ac56970c-6c73-4be6-b32a-36be63c1b559.json
be8ff221f8b838f9a7faec9c1249b8bfc8c94f8743e6218107c63e355b3dbd85	63	253	assets/res/import/ac/acec176b-2fc3-45df-a888-8c189beaf082.json
be8ff221f8b838f9a7faec9c1249b8bfc8c94f8743e6218107c63e355b3dbd85	63	253	assets/res/import/ad/ada4fdb8-689e-4a03-af5c-67e0b1da944e.json
be8ff221f8b838f9a7faec9c1249b8bfc8c94f8743e6218107c63e355b3dbd85	63	253	assets/res/import/ad/ade9e6f2-fc31-4eec-955c-6319b7005318.json
be8ff221f8b838f9a7faec9c1249b8bfc8c94f8743e6218107c63e355b3dbd85	63	253	assets/res/import/ae/ae4f5108-bce3-4de0-a117-f11f523a0fbb.json
be8ff221f8b838f9a7faec9c1249b8bfc8c94f8743e6218107c63e355b3dbd85	63	253	assets/res/import/ae/aeef4b55-9036-4366-9b74-b1682157f73c.json
be8ff221f8b838f9a7faec9c1249b8bfc8c94f8743e6218107c63e355b3dbd85	63	253	assets/res/import/b4/b4873f64-3294-483f-9fa4-aaa58e62a55d.json
be8ff221f8b838f9a7faec9c1249b8bfc8c94f8743e6218107c63e355b3dbd85	63	253	assets/res/import/b4/b48de42b-282d-471a-9964-4da542c8ff10.json
be8ff221f8b838f9a7faec9c1249b8bfc8c94f8743e6218107c63e355b3dbd85	63	253	assets/res/import/b5/b5cd9cae-dce4-427f-95bb-6cf032b22732.json
be8ff221f8b838f9a7faec9c1249b8bfc8c94f8743e6218107c63e355b3dbd85	63	253	assets/res/import/b6/b66e6a44-f9fa-41cb-b0c9-09b036516965.json
be8ff221f8b838f9a7faec9c1249b8bfc8c94f8743e6218107c63e355b3dbd85	63	253	assets/res/import/b6/b6d33a47-c4f8-4b6b-acd4-2c18a741aa8d.json
be8ff221f8b838f9a7faec9c1249b8bfc8c94f8743e6218107c63e355b3dbd85	63	253	assets/res/import/b9/b951a1ed-f34d-403a-91f0-7b166da12a68.json
be8ff221f8b838f9a7faec9c1249b8bfc8c94f8743e6218107c63e355b3dbd85	63	253	assets/res/import/b9/b9565bb1-10dc-4c89-ad7c-adaf1241900b.json
be8ff221f8b838f9a7faec9c1249b8bfc8c94f8743e6218107c63e355b3dbd85	63	253	assets/res/import/bb/bb94b1f2-81fa-41af-9a12-e282341c252a.json
be8ff221f8b838f9a7faec9c1249b8bfc8c94f8743e6218107c63e355b3dbd85	63	253	assets/res/import/bd/bd016f27-7ffa-4f56-b1ac-942626760b26.json
be8ff221f8b838f9a7faec9c1249b8bfc8c94f8743e6218107c63e355b3dbd85	63	253	assets/res/import/bd/bd9c620a-b5c8-4101-8e40-905ed55a7409.json
be8ff221f8b838f9a7faec9c1249b8bfc8c94f8743e6218107c63e355b3dbd85	63	253	assets/res/import/be/be70571a-8bba-449f-8fdc-60b30cfced5e.json
be8ff221f8b838f9a7faec9c1249b8bfc8c94f8743e6218107c63e355b3dbd85	63	253	assets/res/import/bf/bf33b481-3440-42a8-97f6-db195660135b.json
be8ff221f8b838f9a7faec9c1249b8bfc8c94f8743e6218107c63e355b3dbd85	63	253	assets/res/import/c0/c0345a96-84df-4ac8-b0ba-802581a0025b.json
be8ff221f8b838f9a7faec9c1249b8bfc8c94f8743e6218107c63e355b3dbd85	63	253	assets/res/import/c1/c134e293-8daa-4afe-9753-c79dc3f71e3a.json
be8ff221f8b838f9a7faec9c1249b8bfc8c94f8743e6218107c63e355b3dbd85	63	253	assets/res/import/c1/c17c1d5c-c23d-4ae9-9741-8699b4596f49.json
be8ff221f8b838f9a7faec9c1249b8bfc8c94f8743e6218107c63e355b3dbd85	63	253	assets/res/import/c2/c221ff76-7296-4948-b076-e49cc6f8dea7.json
be8ff221f8b838f9a7faec9c1249b8bfc8c94f8743e6218107c63e355b3dbd85	63	253	assets/res/import/c2/c234305b-d9aa-46c7-b942-edd2b6c9ba59.json
be8ff221f8b838f9a7faec9c1249b8bfc8c94f8743e6218107c63e355b3dbd85	63	253	assets/res/import/c3/c31a53ba-ccd0-480a-b891-caed8d78762d.json
be8ff221f8b838f9a7faec9c1249b8bfc8c94f8743e6218107c63e355b3dbd85	63	253	assets/res/import/c3/c34b3036-795d-4ad0-ae1a-75c93229c1d1.json
be8ff221f8b838f9a7faec9c1249b8bfc8c94f8743e6218107c63e355b3dbd85	63	253	assets/res/import/c4/c41c531c-bdd7-4f9d-9140-20e0ade2459c.json
be8ff221f8b838f9a7faec9c1249b8bfc8c94f8743e6218107c63e355b3dbd85	63	253	assets/res/import/c4/c44a9508-f4cb-4fe5-aa30-bed997aeb711.json
be8ff221f8b838f9a7faec9c1249b8bfc8c94f8743e6218107c63e355b3dbd85	63	253	assets/res/import/c5/c56a5c2c-d6f2-41a9-8bd6-20a59f67308e.json
be8ff221f8b838f9a7faec9c1249b8bfc8c94f8743e6218107c63e355b3dbd85	63	253	assets/res/import/c6/c67626ed-6295-499e-a6c0-a1b0e9e8a0e5.json
be8ff221f8b838f9a7faec9c1249b8bfc8c94f8743e6218107c63e355b3dbd85	63	253	assets/res/import/cb/cb17241a-31bc-4487-b919-c8591d0d907a.json
be8ff221f8b838f9a7faec9c1249b8bfc8c94f8743e6218107c63e355b3dbd85	63	253	assets/res/import/cb/cb231d43-0f96-4a18-8c47-e255db8843a7.json
be8ff221f8b838f9a7faec9c1249b8bfc8c94f8743e6218107c63e355b3dbd85	63	253	assets/res/import/cb/cb8ba1ab-df2a-43e4-88cb-1b76a2e34c0f.json
be8ff221f8b838f9a7faec9c1249b8bfc8c94f8743e6218107c63e355b3dbd85	63	253	assets/res/import/cb/cba1a2a5-1c83-4dd6-b938-e5ab6a6cc087.json
be8ff221f8b838f9a7faec9c1249b8bfc8c94f8743e6218107c63e355b3dbd85	63	253	assets/res/import/cc/cc0b5a76-3dd2-4965-a796-baae198b3239.json
be8ff221f8b838f9a7faec9c1249b8bfc8c94f8743e6218107c63e355b3dbd85	63	253	assets/res/import/cd/cd179bcb-31c5-493c-aaea-22ab13607876.json
be8ff221f8b838f9a7faec9c1249b8bfc8c94f8743e6218107c63e355b3dbd85	63	253	assets/res/import/ce/ce851282-9d98-415b-a5df-607bd4e97a9c.json
be8ff221f8b838f9a7faec9c1249b8bfc8c94f8743e6218107c63e355b3dbd85	63	253	assets/res/import/ce/ce8e57a3-0c38-4fe8-b9f5-d6db2d986477.json
be8ff221f8b838f9a7faec9c1249b8bfc8c94f8743e6218107c63e355b3dbd85	63	253	assets/res/import/cf/cfe3c9fd-92ca-443b-9312-b277ae276f54.json
be8ff221f8b838f9a7faec9c1249b8bfc8c94f8743e6218107c63e355b3dbd85	63	253	assets/res/import/d0/d0113187-6f35-461d-a2e6-fad9932a4239.json
be8ff221f8b838f9a7faec9c1249b8bfc8c94f8743e6218107c63e355b3dbd85	63	253	assets/res/import/d0/d0f8ed4c-b274-463a-8322-4f88871cf1cc.json
be8ff221f8b838f9a7faec9c1249b8bfc8c94f8743e6218107c63e355b3dbd85	63	253	assets/res/import/d1/d1cf7c6e-75f7-4c37-a084-45f7e6337a15.json
be8ff221f8b838f9a7faec9c1249b8bfc8c94f8743e6218107c63e355b3dbd85	63	253	assets/res/import/d1/d1fd1073-a32e-435d-a6f1-7cd1c628a610.json
be8ff221f8b838f9a7faec9c1249b8bfc8c94f8743e6218107c63e355b3dbd85	63	253	assets/res/import/d2/d26c3009-f50b-4db6-8f07-7294c104363b.json
be8ff221f8b838f9a7faec9c1249b8bfc8c94f8743e6218107c63e355b3dbd85	63	253	assets/res/import/d2/d2ddaf46-0eb2-4225-99db-675190840717.json
be8ff221f8b838f9a7faec9c1249b8bfc8c94f8743e6218107c63e355b3dbd85	63	253	assets/res/import/da/da2030d2-fa24-4313-be72-a2a369de7585.json
be8ff221f8b838f9a7faec9c1249b8bfc8c94f8743e6218107c63e355b3dbd85	63	253	assets/res/import/da/da50a3b4-0783-4c5e-8a2c-8db3495a15ef.json
be8ff221f8b838f9a7faec9c1249b8bfc8c94f8743e6218107c63e355b3dbd85	63	253	assets/res/import/da/daf4cfa4-bcb9-44b2-bddd-94414bc2fa97.json
be8ff221f8b838f9a7faec9c1249b8bfc8c94f8743e6218107c63e355b3dbd85	63	253	assets/res/import/db/db5dd133-2c65-4038-9526-80b184d71315.json
be8ff221f8b838f9a7faec9c1249b8bfc8c94f8743e6218107c63e355b3dbd85	63	253	assets/res/import/dc/dc88a649-004e-40e7-8417-7660ab6f9b3b.json
be8ff221f8b838f9a7faec9c1249b8bfc8c94f8743e6218107c63e355b3dbd85	63	253	assets/res/import/dc/dcb52222-124b-4eb2-9ee8-a07283054923.json
be8ff221f8b838f9a7faec9c1249b8bfc8c94f8743e6218107c63e355b3dbd85	63	253	assets/res/import/de/de4d2d68-6ce9-4981-8c35-e8f7b66c34f9.json
be8ff221f8b838f9a7faec9c1249b8bfc8c94f8743e6218107c63e355b3dbd85	63	253	assets/res/import/df/dfda441b-35d8-4799-8f65-74da8de1b091.json
be8ff221f8b838f9a7faec9c1249b8bfc8c94f8743e6218107c63e355b3dbd85	63	253	assets/res/import/df/dfeaefd1-8b8d-465e-bc18-095ef68d647a.json
be8ff221f8b838f9a7faec9c1249b8bfc8c94f8743e6218107c63e355b3dbd85	63	253	assets/res/import/e0/e0003ff9-7af0-4219-ab74-8e683823e79a.json
be8ff221f8b838f9a7faec9c1249b8bfc8c94f8743e6218107c63e355b3dbd85	63	253	assets/res/import/e0/e0240628-5885-4952-a3e0-9142c667ad82.json
be8ff221f8b838f9a7faec9c1249b8bfc8c94f8743e6218107c63e355b3dbd85	63	253	assets/res/import/e0/e08fcf90-fc11-4c71-93af-97225bebc2ae.json
be8ff221f8b838f9a7faec9c1249b8bfc8c94f8743e6218107c63e355b3dbd85	63	253	assets/res/import/e1/e19be600-e1f7-4910-8684-042f6250afff.json
be8ff221f8b838f9a7faec9c1249b8bfc8c94f8743e6218107c63e355b3dbd85	63	253	assets/res/import/e2/e231f34b-3496-4e2e-baa6-34b8b027c51c.json
be8ff221f8b838f9a7faec9c1249b8bfc8c94f8743e6218107c63e355b3dbd85	63	253	assets/res/import/e4/e41b5469-e5ea-4866-83df-8c1c224e070a.json
be8ff221f8b838f9a7faec9c1249b8bfc8c94f8743e6218107c63e355b3dbd85	63	253	assets/res/import/e4/e451d7ec-18f1-4722-8c2e-b2839b708f7f.json
be8ff221f8b838f9a7faec9c1249b8bfc8c94f8743e6218107c63e355b3dbd85	63	253	assets/res/import/e5/e5a1b11e-2b88-4c09-a77c-cf2e4276cfc0.json
be8ff221f8b838f9a7faec9c1249b8bfc8c94f8743e6218107c63e355b3dbd85	63	253	assets/res/import/e5/e5b4029b-7282-4002-8eac-4a042e653c37.json
be8ff221f8b838f9a7faec9c1249b8bfc8c94f8743e6218107c63e355b3dbd85	63	253	assets/res/import/e5/e5f64353-1b5d-4f26-8170-1b9303dae020.json
be8ff221f8b838f9a7faec9c1249b8bfc8c94f8743e6218107c63e355b3dbd85	63	253	assets/res/import/e7/e74be989-1d0a-45e8-8ef6-82dae200afc1.json
be8ff221f8b838f9a7faec9c1249b8bfc8c94f8743e6218107c63e355b3dbd85	63	253	assets/res/import/e8/e831a809-0157-4191-ae29-b42b4c6b88b6.json
be8ff221f8b838f9a7faec9c1249b8bfc8c94f8743e6218107c63e355b3dbd85	63	253	assets/res/import/ea/ea4f08f9-5bf9-4eb7-8d3a-cf3651ab0d15.json
be8ff221f8b838f9a7faec9c1249b8bfc8c94f8743e6218107c63e355b3dbd85	63	253	assets/res/import/ec/ec097336-7c17-4fe1-a370-15f5c49a7aaa.json
be8ff221f8b838f9a7faec9c1249b8bfc8c94f8743e6218107c63e355b3dbd85	63	253	assets/res/import/ec/ece1bf8c-2ca1-4612-8222-5c8d0ab419e2.json
be8ff221f8b838f9a7faec9c1249b8bfc8c94f8743e6218107c63e355b3dbd85	63	253	assets/res/import/ed/ed252393-b6db-49ca-b016-4d8c39453993.json
be8ff221f8b838f9a7faec9c1249b8bfc8c94f8743e6218107c63e355b3dbd85	63	253	assets/res/import/ee/eed12067-e073-4d0c-8309-de56cb9af58b.json
be8ff221f8b838f9a7faec9c1249b8bfc8c94f8743e6218107c63e355b3dbd85	63	253	assets/res/import/ef/ef587cc4-ad53-4f66-b943-a9b9f81420d8.json
be8ff221f8b838f9a7faec9c1249b8bfc8c94f8743e6218107c63e355b3dbd85	63	253	assets/res/import/f0/f08bb9e7-aecf-4e15-b50c-c8efa4dca527.json
be8ff221f8b838f9a7faec9c1249b8bfc8c94f8743e6218107c63e355b3dbd85	63	253	assets/res/import/f1/f1266658-2b3d-421e-932b-57666db094ea.json
be8ff221f8b838f9a7faec9c1249b8bfc8c94f8743e6218107c63e355b3dbd85	63	253	assets/res/import/f1/f1aaf42d-2bb1-437a-8197-f14a0aaa9753.json
be8ff221f8b838f9a7faec9c1249b8bfc8c94f8743e6218107c63e355b3dbd85	63	253	assets/res/import/f3/f34c8622-598a-437d-baf1-0099bbc368aa.json
be8ff221f8b838f9a7faec9c1249b8bfc8c94f8743e6218107c63e355b3dbd85	63	253	assets/res/import/f3/f3ab472a-b55e-4386-9728-ee363083f591.json
be8ff221f8b838f9a7faec9c1249b8bfc8c94f8743e6218107c63e355b3dbd85	63	253	assets/res/import/f4/f4c06640-9fdc-4e34-8303-a1cdb3c10e9b.json
be8ff221f8b838f9a7faec9c1249b8bfc8c94f8743e6218107c63e355b3dbd85	63	253	assets/res/import/f4/f4f74228-c4df-4f97-b547-55618b1d0719.json
be8ff221f8b838f9a7faec9c1249b8bfc8c94f8743e6218107c63e355b3dbd85	63	253	assets/res/import/f6/f6eaa76e-cbfb-4fba-8a4e-c4822c4c0b98.json
be8ff221f8b838f9a7faec9c1249b8bfc8c94f8743e6218107c63e355b3dbd85	63	253	assets/res/import/f8/f836ca13-a720-4da3-b132-878f3d336b01.json
be8ff221f8b838f9a7faec9c1249b8bfc8c94f8743e6218107c63e355b3dbd85	63	253	assets/res/import/f8/f87a203c-803e-4440-ae94-cb6b66592911.json
be8ff221f8b838f9a7faec9c1249b8bfc8c94f8743e6218107c63e355b3dbd85	63	253	assets/res/import/f8/f87f1410-22bb-475c-9514-9e8a0ab95c39.json
be8ff221f8b838f9a7faec9c1249b8bfc8c94f8743e6218107c63e355b3dbd85	63	253	assets/res/import/f9/f9152319-cb19-46fa-a1cf-333cac87072f.json
be8ff221f8b838f9a7faec9c1249b8bfc8c94f8743e6218107c63e355b3dbd85	63	253	assets/res/import/f9/f99abf2e-5915-4fb5-8547-8179a2646914.json
be8ff221f8b838f9a7faec9c1249b8bfc8c94f8743e6218107c63e355b3dbd85	63	253	assets/res/import/fb/fb1d2b6b-f0bd-4f02-8acd-792fe6196440.json
be8ff221f8b838f9a7faec9c1249b8bfc8c94f8743e6218107c63e355b3dbd85	63	253	assets/res/import/fc/fc8921b9-b509-4aa9-8d9d-0e3f2444c60d.json
be8ff221f8b838f9a7faec9c1249b8bfc8c94f8743e6218107c63e355b3dbd85	63	253	assets/res/import/fc/fce6d79e-7806-4a18-92f3-a576fbbc5da2.json
be8ff221f8b838f9a7faec9c1249b8bfc8c94f8743e6218107c63e355b3dbd85	63	253	assets/res/import/fd/fd16dd45-57c6-4e56-a255-97b2d5027b67.json
be8ff221f8b838f9a7faec9c1249b8bfc8c94f8743e6218107c63e355b3dbd85	63	253	assets/res/import/fd/fd9a45f1-7dc1-4b45-9956-85ac883f35ef.json
be8ff221f8b838f9a7faec9c1249b8bfc8c94f8743e6218107c63e355b3dbd85	63	253	assets/res/import/fe/fe892b77-a7c2-4121-bb45-d4ffaf740fbd.json
be8ff221f8b838f9a7faec9c1249b8bfc8c94f8743e6218107c63e355b3dbd85	63	253	assets/res/import/fe/fec53d0a-ddda-474b-853a-2fb043a2dfcb.json
2cfa940932b2c0a25916bdb6b9bd8b8ffa50ed3f8d1bd9b99376779a9d4d25ad	69	211	assets/res/import/00/00fc3b3a-81ce-475b-9605-7cffbd3da17a.json
2cfa940932b2c0a25916bdb6b9bd8b8ffa50ed3f8d1bd9b99376779a9d4d25ad	69	211	assets/res/import/02/0275e94c-56a7-410f-bd1a-fc7483f7d14a.json
2cfa940932b2c0a25916bdb6b9bd8b8ffa50ed3f8d1bd9b99376779a9d4d25ad	69	211	assets/res/import/02/0291c134-b3da-4098-b7b5-e397edbe947f.json
2cfa940932b2c0a25916bdb6b9bd8b8ffa50ed3f8d1bd9b99376779a9d4d25ad	69	211	assets/res/import/03/03ce8315-f339-4686-973b-4901079be67d.json
2cfa940932b2c0a25916bdb6b9bd8b8ffa50ed3f8d1bd9b99376779a9d4d25ad	69	211	assets/res/import/05/056dad85-b338-4a7a-bbe4-591b765c0b80.json
2cfa940932b2c0a25916bdb6b9bd8b8ffa50ed3f8d1bd9b99376779a9d4d25ad	69	211	assets/res/import/07/07393340-465c-4cc7-a3c0-992a770a0254.json
2cfa940932b2c0a25916bdb6b9bd8b8ffa50ed3f8d1bd9b99376779a9d4d25ad	69	211	assets/res/import/08/0856cedc-fc04-40c0-90dc-ee6081306937.json
2cfa940932b2c0a25916bdb6b9bd8b8ffa50ed3f8d1bd9b99376779a9d4d25ad	69	211	assets/res/import/08/085c920c-b6b6-4e84-a233-e09d0530073e.json
2cfa940932b2c0a25916bdb6b9bd8b8ffa50ed3f8d1bd9b99376779a9d4d25ad	69	211	assets/res/import/09/0941eeff-65ef-46ec-8ac9-0cdbe6bd71b5.json
2cfa940932b2c0a25916bdb6b9bd8b8ffa50ed3f8d1bd9b99376779a9d4d25ad	69	211	assets/res/import/09/09b2cb5e-1698-4381-9493-e8f93ce7280c.json
2cfa940932b2c0a25916bdb6b9bd8b8ffa50ed3f8d1bd9b99376779a9d4d25ad	69	211	assets/res/import/0a/0a346691-3b75-4be0-b422-7dc3fa4e9f50.json
2cfa940932b2c0a25916bdb6b9bd8b8ffa50ed3f8d1bd9b99376779a9d4d25ad	69	211	assets/res/import/0b/0b5f5118-7a33-4549-ace5-4c412f842dc2.json
2cfa940932b2c0a25916bdb6b9bd8b8ffa50ed3f8d1bd9b99376779a9d4d25ad	69	211	assets/res/import/0d/0dd4243f-55d3-4911-81de-1881fd490dad.json
2cfa940932b2c0a25916bdb6b9bd8b8ffa50ed3f8d1bd9b99376779a9d4d25ad	69	211	assets/res/import/0e/0eb04900-b041-4f35-9ce4-5c0c92017cbc.json
2cfa940932b2c0a25916bdb6b9bd8b8ffa50ed3f8d1bd9b99376779a9d4d25ad	69	211	assets/res/import/0f/0f54f657-f3c7-4953-bc24-0ee027f3f995.json
2cfa940932b2c0a25916bdb6b9bd8b8ffa50ed3f8d1bd9b99376779a9d4d25ad	69	211	assets/res/import/10/108acf59-53c2-4995-b0a6-63994f4b50b6.json
2cfa940932b2c0a25916bdb6b9bd8b8ffa50ed3f8d1bd9b99376779a9d4d25ad	69	211	assets/res/import/10/10c0cd7a-1cca-4cf2-b62c-9f9b84fedaaf.json
2cfa940932b2c0a25916bdb6b9bd8b8ffa50ed3f8d1bd9b99376779a9d4d25ad	69	211	assets/res/import/12/12cc4cd8-4ded-4344-bd27-3388b2c1e586.json
2cfa940932b2c0a25916bdb6b9bd8b8ffa50ed3f8d1bd9b99376779a9d4d25ad	69	211	assets/res/import/13/1313c6a0-a236-4e16-be02-93c4025bd8fd.json
2cfa940932b2c0a25916bdb6b9bd8b8ffa50ed3f8d1bd9b99376779a9d4d25ad	69	211	assets/res/import/13/131fb5c3-1396-474e-a9b7-daf1692359a3.json
2cfa940932b2c0a25916bdb6b9bd8b8ffa50ed3f8d1bd9b99376779a9d4d25ad	69	211	assets/res/import/13/139efa19-9217-4b08-a3a7-12ae61bfb183.json
2cfa940932b2c0a25916bdb6b9bd8b8ffa50ed3f8d1bd9b99376779a9d4d25ad	69	211	assets/res/import/16/16f7ac2b-1458-4901-8bbe-18984e4b705f.json
2cfa940932b2c0a25916bdb6b9bd8b8ffa50ed3f8d1bd9b99376779a9d4d25ad	69	211	assets/res/import/18/189414e7-3003-4422-9907-d32f0919b8b9.json
2cfa940932b2c0a25916bdb6b9bd8b8ffa50ed3f8d1bd9b99376779a9d4d25ad	69	211	assets/res/import/1c/1cf0e127-6fd0-414c-8c39-96464b94fdc1.json
2cfa940932b2c0a25916bdb6b9bd8b8ffa50ed3f8d1bd9b99376779a9d4d25ad	69	211	assets/res/import/1e/1e22ab07-959e-4ed8-999d-5279afdd37a7.json
2cfa940932b2c0a25916bdb6b9bd8b8ffa50ed3f8d1bd9b99376779a9d4d25ad	69	211	assets/res/import/21/2127ad33-c925-4adb-9cec-50ce42e1d54a.json
2cfa940932b2c0a25916bdb6b9bd8b8ffa50ed3f8d1bd9b99376779a9d4d25ad	69	211	assets/res/import/21/2151eca4-6dfc-45b6-80e0-028ea660ff93.json
2cfa940932b2c0a25916bdb6b9bd8b8ffa50ed3f8d1bd9b99376779a9d4d25ad	69	211	assets/res/import/21/21aa541c-b806-4cd1-a3d6-ce9eb6770d38.json
2cfa940932b2c0a25916bdb6b9bd8b8ffa50ed3f8d1bd9b99376779a9d4d25ad	69	211	assets/res/import/21/21e86993-22df-4cfc-898a-b9facd69bcdf.json
2cfa940932b2c0a25916bdb6b9bd8b8ffa50ed3f8d1bd9b99376779a9d4d25ad	69	211	assets/res/import/23/237968af-6e9f-417f-b8ac-9824a26b1e80.json
2cfa940932b2c0a25916bdb6b9bd8b8ffa50ed3f8d1bd9b99376779a9d4d25ad	69	211	assets/res/import/24/246628f4-2416-4200-a1bd-43cf704821fc.json
2cfa940932b2c0a25916bdb6b9bd8b8ffa50ed3f8d1bd9b99376779a9d4d25ad	69	211	assets/res/import/26/267fb4f9-02bc-41b2-9767-aafbc8de1d9a.json
2cfa940932b2c0a25916bdb6b9bd8b8ffa50ed3f8d1bd9b99376779a9d4d25ad	69	211	assets/res/import/27/2751922d-df63-4a04-884a-93a84b7ae882.json
2cfa940932b2c0a25916bdb6b9bd8b8ffa50ed3f8d1bd9b99376779a9d4d25ad	69	211	assets/res/import/28/284c14ba-b668-4abe-9cde-64a717e46144.json
2cfa940932b2c0a25916bdb6b9bd8b8ffa50ed3f8d1bd9b99376779a9d4d25ad	69	211	assets/res/import/2a/2a939bfe-d905-4443-a3ef-166aabd8da4d.json
2cfa940932b2c0a25916bdb6b9bd8b8ffa50ed3f8d1bd9b99376779a9d4d25ad	69	211	assets/res/import/2b/2b0e4354-0f81-436f-acff-ff6979858c6d.json
2cfa940932b2c0a25916bdb6b9bd8b8ffa50ed3f8d1bd9b99376779a9d4d25ad	69	211	assets/res/import/2b/2be24ebf-8391-463b-b5e9-d52f05d6b577.json
2cfa940932b2c0a25916bdb6b9bd8b8ffa50ed3f8d1bd9b99376779a9d4d25ad	69	211	assets/res/import/2c/2c9c7d50-cce0-4ed4-b86d-59ebadc01a18.json
2cfa940932b2c0a25916bdb6b9bd8b8ffa50ed3f8d1bd9b99376779a9d4d25ad	69	211	assets/res/import/30/3068275e-bf04-448d-93bc-09706142ee5c.json
2cfa940932b2c0a25916bdb6b9bd8b8ffa50ed3f8d1bd9b99376779a9d4d25ad	69	211	assets/res/import/35/355a928e-261b-454c-9697-4dbcbac0deea.json
2cfa940932b2c0a25916bdb6b9bd8b8ffa50ed3f8d1bd9b99376779a9d4d25ad	69	211	assets/res/import/36/364d129e-f532-41b0-95bc-565aefe689d9.json
2cfa940932b2c0a25916bdb6b9bd8b8ffa50ed3f8d1bd9b99376779a9d4d25ad	69	211	assets/res/import/39/394eb57f-90dd-4adc-9831-fb773e88d040.json
2cfa940932b2c0a25916bdb6b9bd8b8ffa50ed3f8d1bd9b99376779a9d4d25ad	69	211	assets/res/import/39/3972b123-461e-4070-85b5-260d234e1ce3.json
2cfa940932b2c0a25916bdb6b9bd8b8ffa50ed3f8d1bd9b99376779a9d4d25ad	69	211	assets/res/import/39/3977473b-9253-4603-a42d-a3200472eb3c.json
2cfa940932b2c0a25916bdb6b9bd8b8ffa50ed3f8d1bd9b99376779a9d4d25ad	69	211	assets/res/import/39/399aef27-0301-4536-8086-c0c4c42377fd.json
2cfa940932b2c0a25916bdb6b9bd8b8ffa50ed3f8d1bd9b99376779a9d4d25ad	69	211	assets/res/import/3b/3bdd6854-0146-4c88-bd28-ad94c5997422.json
2cfa940932b2c0a25916bdb6b9bd8b8ffa50ed3f8d1bd9b99376779a9d4d25ad	69	211	assets/res/import/3f/3f183c96-a1c7-4da6-9fa0-ae8a4b0ee343.json
2cfa940932b2c0a25916bdb6b9bd8b8ffa50ed3f8d1bd9b99376779a9d4d25ad	69	211	assets/res/import/3f/3f3106c0-c034-4833-8ca5-a33000c40c16.json
2cfa940932b2c0a25916bdb6b9bd8b8ffa50ed3f8d1bd9b99376779a9d4d25ad	69	211	assets/res/import/3f/3ff03a29-5cd1-49f0-aaf1-babbb3893928.json
2cfa940932b2c0a25916bdb6b9bd8b8ffa50ed3f8d1bd9b99376779a9d4d25ad	69	211	assets/res/import/43/43cacac5-9751-4f81-adf6-ab7de18a4751.json
2cfa940932b2c0a25916bdb6b9bd8b8ffa50ed3f8d1bd9b99376779a9d4d25ad	69	211	assets/res/import/43/43fd5620-aa5d-4e70-b785-287b539570ea.json
2cfa940932b2c0a25916bdb6b9bd8b8ffa50ed3f8d1bd9b99376779a9d4d25ad	69	211	assets/res/import/46/468352f5-0049-4e59-a80e-52492838485e.json
2cfa940932b2c0a25916bdb6b9bd8b8ffa50ed3f8d1bd9b99376779a9d4d25ad	69	211	assets/res/import/47/472019d8-81d8-431a-9657-2fde9ce65d88.json
2cfa940932b2c0a25916bdb6b9bd8b8ffa50ed3f8d1bd9b99376779a9d4d25ad	69	211	assets/res/import/48/48c29a9a-1668-4848-a262-419643ab9504.json
2cfa940932b2c0a25916bdb6b9bd8b8ffa50ed3f8d1bd9b99376779a9d4d25ad	69	211	assets/res/import/49/4920d172-2cbb-4013-8722-11456c209f11.json
2cfa940932b2c0a25916bdb6b9bd8b8ffa50ed3f8d1bd9b99376779a9d4d25ad	69	211	assets/res/import/49/4979facc-983c-417e-8e90-e52f42424c6d.json
2cfa940932b2c0a25916bdb6b9bd8b8ffa50ed3f8d1bd9b99376779a9d4d25ad	69	211	assets/res/import/49/49b59613-69af-4034-b44c-90f9cf7c91ba.json
2cfa940932b2c0a25916bdb6b9bd8b8ffa50ed3f8d1bd9b99376779a9d4d25ad	69	211	assets/res/import/49/49c66c7f-9ad5-45ac-a97f-5a0603e87380.json
2cfa940932b2c0a25916bdb6b9bd8b8ffa50ed3f8d1bd9b99376779a9d4d25ad	69	211	assets/res/import/4a/4a38a519-c170-4dd1-9bc1-41f80826a8c2.json
2cfa940932b2c0a25916bdb6b9bd8b8ffa50ed3f8d1bd9b99376779a9d4d25ad	69	211	assets/res/import/4a/4a92f282-7c7c-4d96-a561-55330ad46554.json
2cfa940932b2c0a25916bdb6b9bd8b8ffa50ed3f8d1bd9b99376779a9d4d25ad	69	211	assets/res/import/4a/4ac65d5e-58c7-4d4e-8761-8cb1caeef7b0.json
2cfa940932b2c0a25916bdb6b9bd8b8ffa50ed3f8d1bd9b99376779a9d4d25ad	69	211	assets/res/import/4b/4bab67cb-18e6-4099-b840-355f0473f890.json
2cfa940932b2c0a25916bdb6b9bd8b8ffa50ed3f8d1bd9b99376779a9d4d25ad	69	211	assets/res/import/4c/4c7d1aa3-bc4f-43cb-9629-effcf565c4eb.json
2cfa940932b2c0a25916bdb6b9bd8b8ffa50ed3f8d1bd9b99376779a9d4d25ad	69	211	assets/res/import/4e/4e1c516f-4b51-4ff9-b19c-3535ad566ce8.json
2cfa940932b2c0a25916bdb6b9bd8b8ffa50ed3f8d1bd9b99376779a9d4d25ad	69	211	assets/res/import/4e/4e593b44-26d8-4bb2-af1d-e59006a11135.json
2cfa940932b2c0a25916bdb6b9bd8b8ffa50ed3f8d1bd9b99376779a9d4d25ad	69	211	assets/res/import/50/50fcfc5e-fa04-43f6-a530-518d7f06aa8a.json
2cfa940932b2c0a25916bdb6b9bd8b8ffa50ed3f8d1bd9b99376779a9d4d25ad	69	211	assets/res/import/53/53eb90e8-f500-4731-8f9c-088ee022db9e.json
2cfa940932b2c0a25916bdb6b9bd8b8ffa50ed3f8d1bd9b99376779a9d4d25ad	69	211	assets/res/import/54/5464965c-60aa-480d-8ff3-e8e97fbe405e.json
2cfa940932b2c0a25916bdb6b9bd8b8ffa50ed3f8d1bd9b99376779a9d4d25ad	69	211	assets/res/import/56/567dcd80-8bf4-4535-8a5a-313f1caf078a.json
2cfa940932b2c0a25916bdb6b9bd8b8ffa50ed3f8d1bd9b99376779a9d4d25ad	69	211	assets/res/import/57/57563cda-780a-4acf-aa83-1f4fd9c30a96.json
2cfa940932b2c0a25916bdb6b9bd8b8ffa50ed3f8d1bd9b99376779a9d4d25ad	69	211	assets/res/import/57/57c0fb2c-54ee-455c-b6c0-ea26fb056578.json
2cfa940932b2c0a25916bdb6b9bd8b8ffa50ed3f8d1bd9b99376779a9d4d25ad	69	211	assets/res/import/57/57fce1a7-2151-4ec5-ae9e-c7a5c1168100.json
2cfa940932b2c0a25916bdb6b9bd8b8ffa50ed3f8d1bd9b99376779a9d4d25ad	69	211	assets/res/import/5c/5c7fa4ee-3373-4f65-99af-b1ff82aae31e.json
2cfa940932b2c0a25916bdb6b9bd8b8ffa50ed3f8d1bd9b99376779a9d4d25ad	69	211	assets/res/import/5c/5ccca336-2121-4b3e-bee8-324d87a6f091.json
2cfa940932b2c0a25916bdb6b9bd8b8ffa50ed3f8d1bd9b99376779a9d4d25ad	69	211	assets/res/import/5e/5e110549-e287-4182-bcdc-804898bd2f99.json
2cfa940932b2c0a25916bdb6b9bd8b8ffa50ed3f8d1bd9b99376779a9d4d25ad	69	211	assets/res/import/61/617323dd-11f4-4dd3-8eec-0caf6b3b45b9.json
2cfa940932b2c0a25916bdb6b9bd8b8ffa50ed3f8d1bd9b99376779a9d4d25ad	69	211	assets/res/import/62/626eb18e-c6a5-48ac-a682-e629bc6537bb.json
2cfa940932b2c0a25916bdb6b9bd8b8ffa50ed3f8d1bd9b99376779a9d4d25ad	69	211	assets/res/import/62/62d471a5-1320-4a57-806a-d0237e7f84d6.json
2cfa940932b2c0a25916bdb6b9bd8b8ffa50ed3f8d1bd9b99376779a9d4d25ad	69	211	assets/res/import/64/648a1be1-29db-4f7a-9734-3059fffda013.json
2cfa940932b2c0a25916bdb6b9bd8b8ffa50ed3f8d1bd9b99376779a9d4d25ad	69	211	assets/res/import/65/654c283a-6584-4f13-915e-234c23978912.json
2cfa940932b2c0a25916bdb6b9bd8b8ffa50ed3f8d1bd9b99376779a9d4d25ad	69	211	assets/res/import/66/666bb002-cdc3-41c4-beb9-91f05efdd64e.json
2cfa940932b2c0a25916bdb6b9bd8b8ffa50ed3f8d1bd9b99376779a9d4d25ad	69	211	assets/res/import/68/6865b2bf-8673-4eb3-99c3-9d4ff1adb2ff.json
2cfa940932b2c0a25916bdb6b9bd8b8ffa50ed3f8d1bd9b99376779a9d4d25ad	69	211	assets/res/import/6b/6b409659-0ea5-42bc-bff3-ff827ecf4f75.json
2cfa940932b2c0a25916bdb6b9bd8b8ffa50ed3f8d1bd9b99376779a9d4d25ad	69	211	assets/res/import/6b/6b4560b9-ea56-4094-a7b8-30370fc2caf2.json
2cfa940932b2c0a25916bdb6b9bd8b8ffa50ed3f8d1bd9b99376779a9d4d25ad	69	211	assets/res/import/6d/6df35e4e-1e94-4c6a-9c3d-5b94455ad568.json
2cfa940932b2c0a25916bdb6b9bd8b8ffa50ed3f8d1bd9b99376779a9d4d25ad	69	211	assets/res/import/6e/6e056173-d285-473c-b206-40a7fff5386e.json
2cfa940932b2c0a25916bdb6b9bd8b8ffa50ed3f8d1bd9b99376779a9d4d25ad	69	211	assets/res/import/6f/6f4a86b4-4d37-4b2e-a435-fb974a54b5ca.json
2cfa940932b2c0a25916bdb6b9bd8b8ffa50ed3f8d1bd9b99376779a9d4d25ad	69	211	assets/res/import/6f/6f8b923f-7826-4d34-b84e-e59cd6ffdc1c.json
2cfa940932b2c0a25916bdb6b9bd8b8ffa50ed3f8d1bd9b99376779a9d4d25ad	69	211	assets/res/import/6f/6f96ad26-4c8a-4835-be8e-83ea7a930130.json
2cfa940932b2c0a25916bdb6b9bd8b8ffa50ed3f8d1bd9b99376779a9d4d25ad	69	211	assets/res/import/70/70eb5788-0637-473d-ae29-ad4f077fbeae.json
2cfa940932b2c0a25916bdb6b9bd8b8ffa50ed3f8d1bd9b99376779a9d4d25ad	69	211	assets/res/import/71/71561142-4c83-4933-afca-cb7a17f67053.json
2cfa940932b2c0a25916bdb6b9bd8b8ffa50ed3f8d1bd9b99376779a9d4d25ad	69	211	assets/res/import/71/71ba0df8-f44e-44b6-b859-4d2f78b14fee.json
2cfa940932b2c0a25916bdb6b9bd8b8ffa50ed3f8d1bd9b99376779a9d4d25ad	69	211	assets/res/import/72/722f633c-2246-4a30-bd8a-fd399e3fb72f.json
2cfa940932b2c0a25916bdb6b9bd8b8ffa50ed3f8d1bd9b99376779a9d4d25ad	69	211	assets/res/import/73/730e1bec-48ac-466a-a362-6574c5deaa5c.json
2cfa940932b2c0a25916bdb6b9bd8b8ffa50ed3f8d1bd9b99376779a9d4d25ad	69	211	assets/res/import/73/731dbb29-0473-475a-b5b2-3b45c36b713f.json
2cfa940932b2c0a25916bdb6b9bd8b8ffa50ed3f8d1bd9b99376779a9d4d25ad	69	211	assets/res/import/73/73a0903d-d80e-4e3c-aa67-f999543c08f5.json
2cfa940932b2c0a25916bdb6b9bd8b8ffa50ed3f8d1bd9b99376779a9d4d25ad	69	211	assets/res/import/73/73b4d6de-85ac-47e2-ae6a-ef5474b0c899.json
2cfa940932b2c0a25916bdb6b9bd8b8ffa50ed3f8d1bd9b99376779a9d4d25ad	69	211	assets/res/import/73/73ea0597-cf24-4080-b928-54626e47c75a.json
2cfa940932b2c0a25916bdb6b9bd8b8ffa50ed3f8d1bd9b99376779a9d4d25ad	69	211	assets/res/import/78/789838ad-e35e-4579-822f-fd41e2cc9a07.json
2cfa940932b2c0a25916bdb6b9bd8b8ffa50ed3f8d1bd9b99376779a9d4d25ad	69	211	assets/res/import/7a/7a1e7143-10c7-407d-a40f-b62630da8322.json
2cfa940932b2c0a25916bdb6b9bd8b8ffa50ed3f8d1bd9b99376779a9d4d25ad	69	211	assets/res/import/7b/7b2d49b3-db70-4c86-8619-1426c13f2cce.json
2cfa940932b2c0a25916bdb6b9bd8b8ffa50ed3f8d1bd9b99376779a9d4d25ad	69	211	assets/res/import/7b/7bed5dd0-5eb7-4f0b-8d21-1f6ddd79b767.json
2cfa940932b2c0a25916bdb6b9bd8b8ffa50ed3f8d1bd9b99376779a9d4d25ad	69	211	assets/res/import/7d/7d75fbc6-77f6-40da-b415-89ca0acdf574.json
2cfa940932b2c0a25916bdb6b9bd8b8ffa50ed3f8d1bd9b99376779a9d4d25ad	69	211	assets/res/import/7d/7d7b0e9c-1c97-45a7-a48b-f7475575571d.json
2cfa940932b2c0a25916bdb6b9bd8b8ffa50ed3f8d1bd9b99376779a9d4d25ad	69	211	assets/res/import/7d/7dc3b32e-392f-4915-89da-2ce9d02560a8.json
2cfa940932b2c0a25916bdb6b9bd8b8ffa50ed3f8d1bd9b99376779a9d4d25ad	69	211	assets/res/import/7d/7dfcc304-ee31-4a99-8e68-43d14e96c700.json
2cfa940932b2c0a25916bdb6b9bd8b8ffa50ed3f8d1bd9b99376779a9d4d25ad	69	211	assets/res/import/7e/7e52db12-d208-442a-97b4-05cef7c1a693.json
2cfa940932b2c0a25916bdb6b9bd8b8ffa50ed3f8d1bd9b99376779a9d4d25ad	69	211	assets/res/import/7e/7e729cdb-9f65-423f-b107-4b4ab437317a.json
2cfa940932b2c0a25916bdb6b9bd8b8ffa50ed3f8d1bd9b99376779a9d4d25ad	69	211	assets/res/import/7f/7f1024bb-3513-434a-92a8-ef03f7f75dc2.json
2cfa940932b2c0a25916bdb6b9bd8b8ffa50ed3f8d1bd9b99376779a9d4d25ad	69	211	assets/res/import/82/82574817-7a4f-4fb2-b4e8-c2754e1a25c1.json
2cfa940932b2c0a25916bdb6b9bd8b8ffa50ed3f8d1bd9b99376779a9d4d25ad	69	211	assets/res/import/83/83410d64-b184-433b-92a4-da1804c7cb80.json
2cfa940932b2c0a25916bdb6b9bd8b8ffa50ed3f8d1bd9b99376779a9d4d25ad	69	211	assets/res/import/83/83f0fb9a-69a2-4210-86f5-f6cbba19a5b9.json
2cfa940932b2c0a25916bdb6b9bd8b8ffa50ed3f8d1bd9b99376779a9d4d25ad	69	211	assets/res/import/84/84869634-c4ac-476b-82f2-31986db34547.json
2cfa940932b2c0a25916bdb6b9bd8b8ffa50ed3f8d1bd9b99376779a9d4d25ad	69	211	assets/res/import/85/850ff4a8-4ee3-4276-9a40-dc7109762d24.json
2cfa940932b2c0a25916bdb6b9bd8b8ffa50ed3f8d1bd9b99376779a9d4d25ad	69	211	assets/res/import/85/85a8f0a1-9f5d-4acd-a3bd-2fbbdd189ec5.json
2cfa940932b2c0a25916bdb6b9bd8b8ffa50ed3f8d1bd9b99376779a9d4d25ad	69	211	assets/res/import/87/87a00793-3299-4efe-9f6f-bc9f02922c5e.json
2cfa940932b2c0a25916bdb6b9bd8b8ffa50ed3f8d1bd9b99376779a9d4d25ad	69	211	assets/res/import/89/89854930-002c-44c7-bf3a-e4efe70d7269.json
2cfa940932b2c0a25916bdb6b9bd8b8ffa50ed3f8d1bd9b99376779a9d4d25ad	69	211	assets/res/import/8a/8a96b965-2dc0-4e03-aa90-3b79cb93b5b4.json
2cfa940932b2c0a25916bdb6b9bd8b8ffa50ed3f8d1bd9b99376779a9d4d25ad	69	211	assets/res/import/8b/8bbf0b33-6b38-468d-9341-801563280a19.json
2cfa940932b2c0a25916bdb6b9bd8b8ffa50ed3f8d1bd9b99376779a9d4d25ad	69	211	assets/res/import/8f/8f34229b-9d6f-437d-b67e-8a98b18a85bb.json
2cfa940932b2c0a25916bdb6b9bd8b8ffa50ed3f8d1bd9b99376779a9d4d25ad	69	211	assets/res/import/8f/8fec4428-032b-4550-9d37-2498008fd8ce.json
2cfa940932b2c0a25916bdb6b9bd8b8ffa50ed3f8d1bd9b99376779a9d4d25ad	69	211	assets/res/import/91/9140c7d6-d53c-4652-bd77-65acf6fad39b.json
2cfa940932b2c0a25916bdb6b9bd8b8ffa50ed3f8d1bd9b99376779a9d4d25ad	69	211	assets/res/import/92/9299f60d-2cd9-4a9d-8291-d6d18e005c73.json
2cfa940932b2c0a25916bdb6b9bd8b8ffa50ed3f8d1bd9b99376779a9d4d25ad	69	211	assets/res/import/93/931501b2-d632-4318-9027-0a61e40cf7f9.json
2cfa940932b2c0a25916bdb6b9bd8b8ffa50ed3f8d1bd9b99376779a9d4d25ad	69	211	assets/res/import/94/943d3783-e4d3-4219-b945-8e2133e48229.json
2cfa940932b2c0a25916bdb6b9bd8b8ffa50ed3f8d1bd9b99376779a9d4d25ad	69	211	assets/res/import/95/956b3cf9-2f13-4850-9ba5-7b90a630c8b2.json
2cfa940932b2c0a25916bdb6b9bd8b8ffa50ed3f8d1bd9b99376779a9d4d25ad	69	211	assets/res/import/96/96144146-e10a-471b-b893-ef01aaa21669.json
2cfa940932b2c0a25916bdb6b9bd8b8ffa50ed3f8d1bd9b99376779a9d4d25ad	69	211	assets/res/import/98/989a623e-1a44-44f7-8dbd-65b87d656a1a.json
2cfa940932b2c0a25916bdb6b9bd8b8ffa50ed3f8d1bd9b99376779a9d4d25ad	69	211	assets/res/import/99/991777b8-cd38-4d30-a239-c0b4ec9697e4.json
2cfa940932b2c0a25916bdb6b9bd8b8ffa50ed3f8d1bd9b99376779a9d4d25ad	69	211	assets/res/import/99/999bd4d9-db8f-4a07-801a-780c9bb1575a.json
2cfa940932b2c0a25916bdb6b9bd8b8ffa50ed3f8d1bd9b99376779a9d4d25ad	69	211	assets/res/import/9a/9a30cf08-ceaa-4433-bc49-8c3f472ab697.json
2cfa940932b2c0a25916bdb6b9bd8b8ffa50ed3f8d1bd9b99376779a9d4d25ad	69	211	assets/res/import/9c/9c08f79d-ff4c-4c64-8e88-0ef6619fb73c.json
2cfa940932b2c0a25916bdb6b9bd8b8ffa50ed3f8d1bd9b99376779a9d4d25ad	69	211	assets/res/import/9c/9c53e074-20e2-47c4-a91d-85d3b10d9f47.json
2cfa940932b2c0a25916bdb6b9bd8b8ffa50ed3f8d1bd9b99376779a9d4d25ad	69	211	assets/res/import/9d/9d4278a9-1084-4a1e-8398-0c5ba2d9b710.json
2cfa940932b2c0a25916bdb6b9bd8b8ffa50ed3f8d1bd9b99376779a9d4d25ad	69	211	assets/res/import/9e/9eb098ef-c99d-416b-a581-b1b3719e6f92.json
2cfa940932b2c0a25916bdb6b9bd8b8ffa50ed3f8d1bd9b99376779a9d4d25ad	69	211	assets/res/import/9f/9f19a6c5-bb9d-4c9d-95da-4952ceb6b2ff.json
2cfa940932b2c0a25916bdb6b9bd8b8ffa50ed3f8d1bd9b99376779a9d4d25ad	69	211	assets/res/import/a0/a06b7e78-e772-43e2-ad2d-e6b729501a5c.json
2cfa940932b2c0a25916bdb6b9bd8b8ffa50ed3f8d1bd9b99376779a9d4d25ad	69	211	assets/res/import/a3/a325970c-736a-493c-8c85-9564bcdbab02.json
2cfa940932b2c0a25916bdb6b9bd8b8ffa50ed3f8d1bd9b99376779a9d4d25ad	69	211	assets/res/import/a5/a5ccd464-39bf-40fc-a4f1-a967e091e3f1.json
2cfa940932b2c0a25916bdb6b9bd8b8ffa50ed3f8d1bd9b99376779a9d4d25ad	69	211	assets/res/import/a8/a8df4d98-ba70-45b6-88f3-3067980463b2.json
2cfa940932b2c0a25916bdb6b9bd8b8ffa50ed3f8d1bd9b99376779a9d4d25ad	69	211	assets/res/import/a9/a93f3fe8-86ff-4cbe-8261-955d49cd78b2.json
2cfa940932b2c0a25916bdb6b9bd8b8ffa50ed3f8d1bd9b99376779a9d4d25ad	69	211	assets/res/import/ab/ab4ba300-96f7-4f26-984c-167c0df4f679.json
2cfa940932b2c0a25916bdb6b9bd8b8ffa50ed3f8d1bd9b99376779a9d4d25ad	69	211	assets/res/import/ab/ab4f0706-ee3c-46c2-9244-3804da18be5c.json
2cfa940932b2c0a25916bdb6b9bd8b8ffa50ed3f8d1bd9b99376779a9d4d25ad	69	211	assets/res/import/af/af2eee1e-5811-4642-a18a-41ccb504a44c.json
2cfa940932b2c0a25916bdb6b9bd8b8ffa50ed3f8d1bd9b99376779a9d4d25ad	69	211	assets/res/import/af/af920e9f-5ca9-4ca9-b585-eb1dee008541.json
2cfa940932b2c0a25916bdb6b9bd8b8ffa50ed3f8d1bd9b99376779a9d4d25ad	69	211	assets/res/import/b0/b01c73af-7dd5-47f6-b90e-d38924e5fd58.json
2cfa940932b2c0a25916bdb6b9bd8b8ffa50ed3f8d1bd9b99376779a9d4d25ad	69	211	assets/res/import/b1/b1a7c847-dcbf-42c9-9990-93518e29e2a1.json
2cfa940932b2c0a25916bdb6b9bd8b8ffa50ed3f8d1bd9b99376779a9d4d25ad	69	211	assets/res/import/b2/b2c1d479-718d-4c04-b79b-0bf783aefe3b.json
2cfa940932b2c0a25916bdb6b9bd8b8ffa50ed3f8d1bd9b99376779a9d4d25ad	69	211	assets/res/import/b4/b43ff3c2-02bb-4874-81f7-f2dea6970f18.json
2cfa940932b2c0a25916bdb6b9bd8b8ffa50ed3f8d1bd9b99376779a9d4d25ad	69	211	assets/res/import/b5/b5411440-7560-4c88-b5ae-b427274aad7d.json
2cfa940932b2c0a25916bdb6b9bd8b8ffa50ed3f8d1bd9b99376779a9d4d25ad	69	211	assets/res/import/b5/b5bfaf9b-1faa-466c-953f-a5fc9d3c23e4.json
2cfa940932b2c0a25916bdb6b9bd8b8ffa50ed3f8d1bd9b99376779a9d4d25ad	69	211	assets/res/import/b6/b605b42f-5fca-4d21-b466-a443de834883.json
2cfa940932b2c0a25916bdb6b9bd8b8ffa50ed3f8d1bd9b99376779a9d4d25ad	69	211	assets/res/import/b6/b6a08375-3d12-4e76-9046-64468705291f.json
2cfa940932b2c0a25916bdb6b9bd8b8ffa50ed3f8d1bd9b99376779a9d4d25ad	69	211	assets/res/import/bb/bb525ea6-fc29-4c99-85b4-d83e39402555.json
2cfa940932b2c0a25916bdb6b9bd8b8ffa50ed3f8d1bd9b99376779a9d4d25ad	69	211	assets/res/import/bc/bc5027ab-5976-4e8c-8309-66969b2de86e.json
2cfa940932b2c0a25916bdb6b9bd8b8ffa50ed3f8d1bd9b99376779a9d4d25ad	69	211	assets/res/import/be/be14347d-e3d1-4da2-bc1f-2db4177f3dc7.json
2cfa940932b2c0a25916bdb6b9bd8b8ffa50ed3f8d1bd9b99376779a9d4d25ad	69	211	assets/res/import/be/be3817ab-e442-4357-ae46-dd22cd2b11f8.json
2cfa940932b2c0a25916bdb6b9bd8b8ffa50ed3f8d1bd9b99376779a9d4d25ad	69	211	assets/res/import/c1/c18df571-46dc-46cb-886c-b0f0606a14c1.json
2cfa940932b2c0a25916bdb6b9bd8b8ffa50ed3f8d1bd9b99376779a9d4d25ad	69	211	assets/res/import/c3/c3817814-3c33-49f2-b9d9-225d3f822b2a.json
2cfa940932b2c0a25916bdb6b9bd8b8ffa50ed3f8d1bd9b99376779a9d4d25ad	69	211	assets/res/import/c3/c3f0a0e8-b38f-46f6-986c-c93a8cfd18d1.json
2cfa940932b2c0a25916bdb6b9bd8b8ffa50ed3f8d1bd9b99376779a9d4d25ad	69	211	assets/res/import/c4/c4398e52-c728-4b70-8c4f-f7ee9ff97996.json
2cfa940932b2c0a25916bdb6b9bd8b8ffa50ed3f8d1bd9b99376779a9d4d25ad	69	211	assets/res/import/c6/c632c579-5e6b-481d-8a25-d66b555fb6c4.json
2cfa940932b2c0a25916bdb6b9bd8b8ffa50ed3f8d1bd9b99376779a9d4d25ad	69	211	assets/res/import/c8/c8ff4fd9-16b9-4161-916c-3e71bb26add3.json
2cfa940932b2c0a25916bdb6b9bd8b8ffa50ed3f8d1bd9b99376779a9d4d25ad	69	211	assets/res/import/c9/c93d9724-5c77-4c63-9ffe-9f52ae9ff490.json
2cfa940932b2c0a25916bdb6b9bd8b8ffa50ed3f8d1bd9b99376779a9d4d25ad	69	211	assets/res/import/c9/c9cdf861-2a96-43d0-9608-547895121a5a.json
2cfa940932b2c0a25916bdb6b9bd8b8ffa50ed3f8d1bd9b99376779a9d4d25ad	69	211	assets/res/import/cc/cc10eefa-0c0c-4cc5-a6dd-dea67e83d01a.json
2cfa940932b2c0a25916bdb6b9bd8b8ffa50ed3f8d1bd9b99376779a9d4d25ad	69	211	assets/res/import/cc/cc334795-ac12-4918-8440-b3d1d67bb83b.json
2cfa940932b2c0a25916bdb6b9bd8b8ffa50ed3f8d1bd9b99376779a9d4d25ad	69	211	assets/res/import/cf/cfef78f1-c8df-49b7-8ed0-4c953ace2621.json
2cfa940932b2c0a25916bdb6b9bd8b8ffa50ed3f8d1bd9b99376779a9d4d25ad	69	211	assets/res/import/d0/d0a82d39-bede-46c4-b698-c81ff0dedfff.json
2cfa940932b2c0a25916bdb6b9bd8b8ffa50ed3f8d1bd9b99376779a9d4d25ad	69	211	assets/res/import/d0/d0cf8c7f-33f7-4e9e-a42c-63901f8c44ea.json
2cfa940932b2c0a25916bdb6b9bd8b8ffa50ed3f8d1bd9b99376779a9d4d25ad	69	211	assets/res/import/d0/d0db6819-cc9f-4b88-9dc9-4a53ff9d169a.json
2cfa940932b2c0a25916bdb6b9bd8b8ffa50ed3f8d1bd9b99376779a9d4d25ad	69	211	assets/res/import/d3/d35dfacb-82a1-42c2-92cb-51ce0c3e918b.json
2cfa940932b2c0a25916bdb6b9bd8b8ffa50ed3f8d1bd9b99376779a9d4d25ad	69	211	assets/res/import/d4/d49c668a-28de-421c-acd6-67a9899d1f04.json
2cfa940932b2c0a25916bdb6b9bd8b8ffa50ed3f8d1bd9b99376779a9d4d25ad	69	211	assets/res/import/d6/d6d3ca85-4681-47c1-b5dd-d036a9d39ea2.json
2cfa940932b2c0a25916bdb6b9bd8b8ffa50ed3f8d1bd9b99376779a9d4d25ad	69	211	assets/res/import/d8/d81ec8ad-247c-4e62-aa3c-d35c4193c7af.json
2cfa940932b2c0a25916bdb6b9bd8b8ffa50ed3f8d1bd9b99376779a9d4d25ad	69	211	assets/res/import/d8/d8401f6f-0024-4248-86dc-d6f0afd4ba4e.json
2cfa940932b2c0a25916bdb6b9bd8b8ffa50ed3f8d1bd9b99376779a9d4d25ad	69	211	assets/res/import/d9/d9cb6124-4a47-4eef-a0c0-0cf12c362715.json
2cfa940932b2c0a25916bdb6b9bd8b8ffa50ed3f8d1bd9b99376779a9d4d25ad	69	211	assets/res/import/da/daea1933-6981-4541-a137-e60cf86cbddb.json
2cfa940932b2c0a25916bdb6b9bd8b8ffa50ed3f8d1bd9b99376779a9d4d25ad	69	211	assets/res/import/dd/dd367d69-79a0-4d39-9a24-d7b45db7a4e7.json
2cfa940932b2c0a25916bdb6b9bd8b8ffa50ed3f8d1bd9b99376779a9d4d25ad	69	211	assets/res/import/de/de33989e-77ab-4a9d-b459-f52259eb97d0.json
2cfa940932b2c0a25916bdb6b9bd8b8ffa50ed3f8d1bd9b99376779a9d4d25ad	69	211	assets/res/import/de/de4d55cc-d8c5-4360-a7e1-0358bc7f208e.json
2cfa940932b2c0a25916bdb6b9bd8b8ffa50ed3f8d1bd9b99376779a9d4d25ad	69	211	assets/res/import/de/deaa336c-97f3-488f-868f-b7064d5e0c58.json
2cfa940932b2c0a25916bdb6b9bd8b8ffa50ed3f8d1bd9b99376779a9d4d25ad	69	211	assets/res/import/df/df2b2682-475f-4e9b-afe7-fc2b9e766f13.json
2cfa940932b2c0a25916bdb6b9bd8b8ffa50ed3f8d1bd9b99376779a9d4d25ad	69	211	assets/res/import/e2/e244a94b-527d-4a00-aa45-ddf38e050603.json
2cfa940932b2c0a25916bdb6b9bd8b8ffa50ed3f8d1bd9b99376779a9d4d25ad	69	211	assets/res/import/e2/e2aee4e2-801c-4eb9-9721-a7716119d88a.json
2cfa940932b2c0a25916bdb6b9bd8b8ffa50ed3f8d1bd9b99376779a9d4d25ad	69	211	assets/res/import/e2/e2fc92a6-34dd-468a-9e15-3101ad9a1405.json
2cfa940932b2c0a25916bdb6b9bd8b8ffa50ed3f8d1bd9b99376779a9d4d25ad	69	211	assets/res/import/e4/e47082d1-7475-44fb-b22d-5bafad594e00.json
2cfa940932b2c0a25916bdb6b9bd8b8ffa50ed3f8d1bd9b99376779a9d4d25ad	69	211	assets/res/import/e4/e4dea3cf-607f-428f-8c6a-e8d41bc1b15b.json
2cfa940932b2c0a25916bdb6b9bd8b8ffa50ed3f8d1bd9b99376779a9d4d25ad	69	211	assets/res/import/e6/e6862cf6-6209-4560-b1b1-23371caa232f.json
2cfa940932b2c0a25916bdb6b9bd8b8ffa50ed3f8d1bd9b99376779a9d4d25ad	69	211	assets/res/import/e7/e7345331-4e0a-42ef-ac6a-fe8a324fbba1.json
2cfa940932b2c0a25916bdb6b9bd8b8ffa50ed3f8d1bd9b99376779a9d4d25ad	69	211	assets/res/import/e7/e7829c92-f5a5-409a-af90-b7b3fb4fb886.json
2cfa940932b2c0a25916bdb6b9bd8b8ffa50ed3f8d1bd9b99376779a9d4d25ad	69	211	assets/res/import/e7/e7dd6327-3107-43ac-88bb-0b54522ce513.json
2cfa940932b2c0a25916bdb6b9bd8b8ffa50ed3f8d1bd9b99376779a9d4d25ad	69	211	assets/res/import/e8/e851e89b-faa2-4484-bea6-5c01dd9f06e2.json
2cfa940932b2c0a25916bdb6b9bd8b8ffa50ed3f8d1bd9b99376779a9d4d25ad	69	211	assets/res/import/e8/e8765cb2-9bb8-498a-a632-4942c46f26b9.json
2cfa940932b2c0a25916bdb6b9bd8b8ffa50ed3f8d1bd9b99376779a9d4d25ad	69	211	assets/res/import/e8/e87e25d9-4c2e-4f28-9a99-26d064b60361.json
2cfa940932b2c0a25916bdb6b9bd8b8ffa50ed3f8d1bd9b99376779a9d4d25ad	69	211	assets/res/import/e8/e8e6fa07-7519-4a4c-bb37-2298b93cd241.json
2cfa940932b2c0a25916bdb6b9bd8b8ffa50ed3f8d1bd9b99376779a9d4d25ad	69	211	assets/res/import/eb/eb5613f5-13a5-4427-94ea-3224f02dfb7f.json
2cfa940932b2c0a25916bdb6b9bd8b8ffa50ed3f8d1bd9b99376779a9d4d25ad	69	211	assets/res/import/ed/edd215b9-2796-4a05-aaf5-81f96c9281ce.json
2cfa940932b2c0a25916bdb6b9bd8b8ffa50ed3f8d1bd9b99376779a9d4d25ad	69	211	assets/res/import/ee/ee903b4f-61dc-47e6-8c9d-b1ee21b4022d.json
2cfa940932b2c0a25916bdb6b9bd8b8ffa50ed3f8d1bd9b99376779a9d4d25ad	69	211	assets/res/import/ee/eeba7468-abad-459e-8600-ff60241b977a.json
2cfa940932b2c0a25916bdb6b9bd8b8ffa50ed3f8d1bd9b99376779a9d4d25ad	69	211	assets/res/import/f2/f2d32d73-6233-400b-ba45-8b7ae4ddf582.json
2cfa940932b2c0a25916bdb6b9bd8b8ffa50ed3f8d1bd9b99376779a9d4d25ad	69	211	assets/res/import/f2/f2ffce72-3c85-43f4-9eda-978f629ee492.json
2cfa940932b2c0a25916bdb6b9bd8b8ffa50ed3f8d1bd9b99376779a9d4d25ad	69	211	assets/res/import/f4/f41c2176-0690-4225-afd7-7149258069bf.json
2cfa940932b2c0a25916bdb6b9bd8b8ffa50ed3f8d1bd9b99376779a9d4d25ad	69	211	assets/res/import/f9/f92ea7c7-1438-46b5-9e02-3d876912b89e.json
2cfa940932b2c0a25916bdb6b9bd8b8ffa50ed3f8d1bd9b99376779a9d4d25ad	69	211	assets/res/import/fa/fa5c662b-c0db-4175-bdd3-bb5f4bb98014.json
2cfa940932b2c0a25916bdb6b9bd8b8ffa50ed3f8d1bd9b99376779a9d4d25ad	69	211	assets/res/import/fa/fad1c25b-4cac-401c-a214-131d6edffb95.json
2cfa940932b2c0a25916bdb6b9bd8b8ffa50ed3f8d1bd9b99376779a9d4d25ad	69	211	assets/res/import/fa/fae81c59-2e3c-4e8b-8d28-fb592f93aba0.json
2cfa940932b2c0a25916bdb6b9bd8b8ffa50ed3f8d1bd9b99376779a9d4d25ad	69	211	assets/res/import/fb/fbc82027-8a9a-4a9f-bd71-a42c02a1d18d.json
2cfa940932b2c0a25916bdb6b9bd8b8ffa50ed3f8d1bd9b99376779a9d4d25ad	69	211	assets/res/import/fd/fd5d19ef-5f66-4e8a-a58e-d96ce5146e26.json
2cfa940932b2c0a25916bdb6b9bd8b8ffa50ed3f8d1bd9b99376779a9d4d25ad	69	211	assets/res/import/fd/fdcf23c1-a10a-4e64-91f9-cc14848b3e63.json
2cfa940932b2c0a25916bdb6b9bd8b8ffa50ed3f8d1bd9b99376779a9d4d25ad	69	211	assets/res/import/ff/ff300957-62be-43ec-b422-60ec076ee818.json
59854984853104df5c353e2f681a15fc7924742f9a2e468c29af248dce45ce03	6	16	META-INF/androidx.asynclayoutinflater_asynclayoutinflater.version
59854984853104df5c353e2f681a15fc7924742f9a2e468c29af248dce45ce03	6	16	META-INF/androidx.coordinatorlayout_coordinatorlayout.version
59854984853104df5c353e2f681a15fc7924742f9a2e468c29af248dce45ce03	6	16	META-INF/androidx.cursoradapter_cursoradapter.version
59854984853104df5c353e2f681a15fc7924742f9a2e468c29af248dce45ce03	6	16	META-INF/androidx.customview_customview.version
59854984853104df5c353e2f681a15fc7924742f9a2e468c29af248dce45ce03	6	16	META-INF/androidx.documentfile_documentfile.version
59854984853104df5c353e2f681a15fc7924742f9a2e468c29af248dce45ce03	6	16	META-INF/androidx.drawerlayout_drawerlayout.version
59854984853104df5c353e2f681a15fc7924742f9a2e468c29af248dce45ce03	6	16	META-INF/androidx.fragment_fragment.version
59854984853104df5c353e2f681a15fc7924742f9a2e468c29af248dce45ce03	6	16	META-INF/androidx.interpolator_interpolator.version
59854984853104df5c353e2f681a15fc7924742f9a2e468c29af248dce45ce03	6	16	META-INF/androidx.legacy_legacy-support-core-ui.version
59854984853104df5c353e2f681a15fc7924742f9a2e468c29af248dce45ce03	6	16	META-INF/androidx.legacy_legacy-support-core-utils.version
59854984853104df5c353e2f681a15fc7924742f9a2e468c29af248dce45ce03	6	16	META-INF/androidx.loader_loader.version
59854984853104df5c353e2f681a15fc7924742f9a2e468c29af248dce45ce03	6	16	META-INF/androidx.localbroadcastmanager_localbroadcastmanager.version
59854984853104df5c353e2f681a15fc7924742f9a2e468c29af248dce45ce03	6	16	META-INF/androidx.print_print.version
59854984853104df5c353e2f681a15fc7924742f9a2e468c29af248dce45ce03	6	16	META-INF/androidx.slidingpanelayout_slidingpanelayout.version
59854984853104df5c353e2f681a15fc7924742f9a2e468c29af248dce45ce03	6	16	META-INF/androidx.swiperefreshlayout_swiperefreshlayout.version
59854984853104df5c353e2f681a15fc7924742f9a2e468c29af248dce45ce03	6	16	META-INF/androidx.viewpager_viewpager.version
9468e46d436041709e19184354e15c2e943a82fa2567db84c22f8349dd40a4b1	69	14	assets/res/import/11/113a0b5a5.json
9468e46d436041709e19184354e15c2e943a82fa2567db84c22f8349dd40a4b1	69	14	assets/res/import/12/1280d36c8.json
9468e46d436041709e19184354e15c2e943a82fa2567db84c22f8349dd40a4b1	69	14	assets/res/import/14/1442cf659.json
9468e46d436041709e19184354e15c2e943a82fa2567db84c22f8349dd40a4b1	69	14	assets/res/import/14/145e3deeb.json
9468e46d436041709e19184354e15c2e943a82fa2567db84c22f8349dd40a4b1	69	14	assets/res/import/16/160668e2a.json
9468e46d436041709e19184354e15c2e943a82fa2567db84c22f8349dd40a4b1	69	14	assets/res/import/16/16386d0b8.json
9468e46d436041709e19184354e15c2e943a82fa2567db84c22f8349dd40a4b1	69	14	assets/res/import/16/1680fa1e0.json
9468e46d436041709e19184354e15c2e943a82fa2567db84c22f8349dd40a4b1	69	14	assets/res/import/17/1732d6c30.json
9468e46d436041709e19184354e15c2e943a82fa2567db84c22f8349dd40a4b1	69	14	assets/res/import/18/18f892239.json
9468e46d436041709e19184354e15c2e943a82fa2567db84c22f8349dd40a4b1	69	14	assets/res/import/19/19d2f0815.json
9468e46d436041709e19184354e15c2e943a82fa2567db84c22f8349dd40a4b1	69	14	assets/res/import/1a/1a9bb0b01.json
9468e46d436041709e19184354e15c2e943a82fa2567db84c22f8349dd40a4b1	69	14	assets/res/import/1a/1ad1a0c0f.json
9468e46d436041709e19184354e15c2e943a82fa2567db84c22f8349dd40a4b1	69	14	assets/res/import/1e/1e0c57db2.json
9468e46d436041709e19184354e15c2e943a82fa2567db84c22f8349dd40a4b1	69	14	assets/res/import/1f/1f15a05da.json
345a353101b92cc03e0f97761c4c664255bfeab8e9da8fca1d0cb38e89488a7a	58	9	assets/res/import/3c/3cdeb669-744c-4d1c-9054-b291b9ef5452.json
345a353101b92cc03e0f97761c4c664255bfeab8e9da8fca1d0cb38e89488a7a	58	9	assets/res/import/63/63d5d870-ca46-40b8-8155-1221efd399c0.json
345a353101b92cc03e0f97761c4c664255bfeab8e9da8fca1d0cb38e89488a7a	58	9	assets/res/import/9b/9b0824b8-b628-4a5f-89f4-9b443272e7b7.json
345a353101b92cc03e0f97761c4c664255bfeab8e9da8fca1d0cb38e89488a7a	58	9	assets/res/import/a9/a95a2b21-8ba1-4492-90ba-7d02fc1f5aec.json
345a353101b92cc03e0f97761c4c664255bfeab8e9da8fca1d0cb38e89488a7a	58	9	assets/res/import/b9/b9458477-fee6-4d33-9476-4238fdef20df.json
345a353101b92cc03e0f97761c4c664255bfeab8e9da8fca1d0cb38e89488a7a	58	9	assets/res/import/c1/c107f314-25a5-4ab8-8a6b-96ad6467727b.json
345a353101b92cc03e0f97761c4c664255bfeab8e9da8fca1d0cb38e89488a7a	58	9	assets/res/import/cc/cc319b12-3f5a-4cc8-a745-81f923fb11d7.json
345a353101b92cc03e0f97761c4c664255bfeab8e9da8fca1d0cb38e89488a7a	58	9	assets/res/import/d1/d1b17023-a25c-4aa9-b2b0-8b27190561fe.json
345a353101b92cc03e0f97761c4c664255bfeab8e9da8fca1d0cb38e89488a7a	58	9	assets/res/import/d5/d5240e3c-6802-4af5-9abb-948044d03cb4.json
6558f29e56bdcb743dd46810654258906d3a3bbbe0918b6de1e0041814d957b9	5745	8	assets/res/raw-assets/03/0378a287-95a6-4a62-995d-9a7364460f20.atlas
6558f29e56bdcb743dd46810654258906d3a3bbbe0918b6de1e0041814d957b9	5745	8	assets/res/raw-assets/21/216bb05d-c3ab-433e-b979-1250aa9f9b68.atlas
6558f29e56bdcb743dd46810654258906d3a3bbbe0918b6de1e0041814d957b9	5745	8	assets/res/raw-assets/2a/2abf6818-9331-4a5e-b50e-d9b43167bf47.atlas
6558f29e56bdcb743dd46810654258906d3a3bbbe0918b6de1e0041814d957b9	5745	8	assets/res/raw-assets/7b/7bd1fa47-eb2b-4100-a0ce-ec5bdfe8e127.atlas
6558f29e56bdcb743dd46810654258906d3a3bbbe0918b6de1e0041814d957b9	5745	8	assets/res/raw-assets/95/9510383b-cab3-4dbb-a331-5e8e96b1f7f8.atlas
6558f29e56bdcb743dd46810654258906d3a3bbbe0918b6de1e0041814d957b9	5745	8	assets/res/raw-assets/b1/b12fb9be-c864-4ad5-b0ba-5af6f53c2f62.atlas
6558f29e56bdcb743dd46810654258906d3a3bbbe0918b6de1e0041814d957b9	5745	8	assets/res/raw-assets/ea/ea19e3aa-91a4-451c-8670-d0af26e3e364.atlas
6558f29e56bdcb743dd46810654258906d3a3bbbe0918b6de1e0041814d957b9	5745	8	assets/res/raw-assets/f5/f56e20c8-19c7-4cf1-9252-eedfae4e361b.atlas
c28fcca53637bc88e124af1725df13cb98c69dedefd62fb3cdbe1cdb6b760624	6	5	META-INF/androidx.arch.core_core-runtime.version
c28fcca53637bc88e124af1725df13cb98c69dedefd62fb3cdbe1cdb6b760624	6	5	META-INF/androidx.lifecycle_lifecycle-livedata-core.version
c28fcca53637bc88e124af1725df13cb98c69dedefd62fb3cdbe1cdb6b760624	6	5	META-INF/androidx.lifecycle_lifecycle-livedata.version
c28fcca53637bc88e124af1725df13cb98c69dedefd62fb3cdbe1cdb6b760624	6	5	META-INF/androidx.lifecycle_lifecycle-runtime.version
c28fcca53637bc88e124af1725df13cb98c69dedefd62fb3cdbe1cdb6b760624	6	5	META-INF/androidx.lifecycle_lifecycle-viewmodel.version
4e72176086babd7b7a978da5e0438e2069f91a5608210e937df1d670cbb43bac	1440	2	assets/res/raw-assets/8a/8a96b965-2dc0-4e03-aa90-3b79cb93b5b4.png
4e72176086babd7b7a978da5e0438e2069f91a5608210e937df1d670cbb43bac	1440	2	assets/res/raw-assets/d0/d0a82d39-bede-46c4-b698-c81ff0dedfff.png
6ff5109ca7d29f6cc1074903763a293bf56f77a7e210029796e5b45a50ade927	69	2	assets/res/import/8f/8f1cb4b4-907e-44e3-b3b0-2f38f5e66b67.json
6ff5109ca7d29f6cc1074903763a293bf56f77a7e210029796e5b45a50ade927	69	2	assets/res/import/a0/a01f8a68-6e25-47cd-b01b-707d81763646.json
