path	json_path	url	node_name	label	context
assets/res/import/20/208dcbdf-0766-4616-b010-df4a670fd217.json	/1/_components/2/dom_url	https://ifs.yonogamebox.com/gamerule			"{""__type__"": ""1786ctzziBNm5jXvffalfGG"", ""node"": {""__id__"": 1}, ""dom_url"": ""https://ifs.yonogamebox.com/gamerule"", ""abs_url"": [""advertise/bank_verify_ad.png""], ""net_node"": [{""__id__"": 10}]}"
assets/res/import/20/208dcbdf-0766-4616-b010-df4a670fd217.json	/1/_components/2/dom_url	https://ifs.yonogamebox.com/gamerule			https://ifs.yonogamebox.com/gamerule
assets/res/import/f7/f7c1e9bb-22d9-4b36-936e-ebb1d009ac62.json	/1/_components/2/dom_url	https://ifs.yonogamebox.com/gamerule			"{""__type__"": ""1786ctzziBNm5jXvffalfGG"", ""node"": {""__id__"": 1}, ""dom_url"": ""https://ifs.yonogamebox.com/gamerule"", ""abs_url"": [""/advertise/interest_ad.png""], ""net_node"": [{""__id__"": 57}]}"
assets/res/import/f7/f7c1e9bb-22d9-4b36-936e-ebb1d009ac62.json	/1/_components/2/dom_url	https://ifs.yonogamebox.com/gamerule			https://ifs.yonogamebox.com/gamerule
assets/res/import/85/853346ae-49d9-4294-b30c-27daef5d309f.json	/1/_components/1/dom_url	https://ifs.yonogamebox.com/gamerule			"{""__type__"": ""1786ctzziBNm5jXvffalfGG"", ""node"": {""__id__"": 1}, ""dom_url"": ""https://ifs.yonogamebox.com/gamerule"", ""abs_url"": [""FairPlay/3_01.png"", ""FairPlay/3_02.png"", ""FairPlay/3_03.png""], ""net_node"": [{""__id__"": 9}, {""__id__"": 11}, {""__id__"": 13}], ""type"": 1}"
assets/res/import/85/853346ae-49d9-4294-b30c-27daef5d309f.json	/1/_components/1/dom_url	https://ifs.yonogamebox.com/gamerule			https://ifs.yonogamebox.com/gamerule
assets/res/import/64/643d0e4e-cbe9-4683-a076-db92ec3df6ea.json	/1/_components/1/dom_url	https://ifs.yonogamebox.com/gamerule			"{""__type__"": ""1786ctzziBNm5jXvffalfGG"", ""node"": {""__id__"": 1}, ""dom_url"": ""https://ifs.yonogamebox.com/gamerule"", ""abs_url"": [""bonus/rule_task_Betting.png""], ""net_node"": [{""__id__"": 15}]}"
assets/res/import/64/643d0e4e-cbe9-4683-a076-db92ec3df6ea.json	/1/_components/1/dom_url	https://ifs.yonogamebox.com/gamerule			https://ifs.yonogamebox.com/gamerule
assets/res/import/a2/a270b668-9bf7-483f-8615-d414e6726b96.json	/1/_components/1/dom_url	https://ifs.yonogamebox.com/gamerule			"{""__type__"": ""1786ctzziBNm5jXvffalfGG"", ""node"": {""__id__"": 1}, ""dom_url"": ""https://ifs.yonogamebox.com/gamerule"", ""abs_url"": [""bonus/rule_task_Profit.png""], ""net_node"": [{""__id__"": 15}]}"
assets/res/import/a2/a270b668-9bf7-483f-8615-d414e6726b96.json	/1/_components/1/dom_url	https://ifs.yonogamebox.com/gamerule			https://ifs.yonogamebox.com/gamerule
assets/res/import/b4/b41a2dd7-840f-4119-893d-97278e1809fb.json	/4/_components/0/dom_url	https://ifs.yonogamebox.com/gamerule			"{""__type__"": ""1786ctzziBNm5jXvffalfGG"", ""node"": {""__id__"": 4}, ""dom_url"": ""https://ifs.yonogamebox.com/gamerule"", ""abs_url"": [""HowToFind/How-to-find_1.jpg""], ""net_node"": [{""__id__"": 5}]}"
assets/res/import/b4/b41a2dd7-840f-4119-893d-97278e1809fb.json	/4/_components/0/dom_url	https://ifs.yonogamebox.com/gamerule			https://ifs.yonogamebox.com/gamerule
assets/res/import/b4/b41a2dd7-840f-4119-893d-97278e1809fb.json	/7/_components/0/dom_url	https://ifs.yonogamebox.com/gamerule			"{""__type__"": ""1786ctzziBNm5jXvffalfGG"", ""node"": {""__id__"": 7}, ""dom_url"": ""https://ifs.yonogamebox.com/gamerule"", ""abs_url"": [""HowToFind/How-to-find_2.jpg""], ""net_node"": [{""__id__"": 8}]}"
assets/res/import/b4/b41a2dd7-840f-4119-893d-97278e1809fb.json	/7/_components/0/dom_url	https://ifs.yonogamebox.com/gamerule			https://ifs.yonogamebox.com/gamerule
assets/res/import/b4/b41a2dd7-840f-4119-893d-97278e1809fb.json	/10/_components/0/dom_url	https://ifs.yonogamebox.com/gamerule			"{""__type__"": ""1786ctzziBNm5jXvffalfGG"", ""node"": {""__id__"": 10}, ""dom_url"": ""https://ifs.yonogamebox.com/gamerule"", ""abs_url"": [""HowToFind/How-to-find_3.jpg""], ""net_node"": [{""__id__"": 11}]}"
assets/res/import/b4/b41a2dd7-840f-4119-893d-97278e1809fb.json	/10/_components/0/dom_url	https://ifs.yonogamebox.com/gamerule			https://ifs.yonogamebox.com/gamerule
assets/res/import/9f/9f2a44ef-991a-43ba-84d8-ca00ccc6bd23.json	/100/_components/1/dom_url	https://ifs.yonogamebox.com/gamerule			"{""__type__"": ""1786ctzziBNm5jXvffalfGG"", ""node"": {""__id__"": 100}, ""dom_url"": ""https://ifs.yonogamebox.com/gamerule"", ""abs_url"": [""VoucherFAQ/faq.png""], ""net_node"": [{""__id__"": 103}]}"
assets/res/import/9f/9f2a44ef-991a-43ba-84d8-ca00ccc6bd23.json	/100/_components/1/dom_url	https://ifs.yonogamebox.com/gamerule			https://ifs.yonogamebox.com/gamerule
assets/res/import/a7/a77ffc11-87a2-4b01-91cd-3cf5997e5c0c.json	/1/_components/1/dom_url	https://ifs.yonogamebox.com/gamerule			"{""__type__"": ""1786ctzziBNm5jXvffalfGG"", ""node"": {""__id__"": 1}, ""dom_url"": ""https://ifs.yonogamebox.com/gamerule"", ""abs_url"": [""PrivacyPolicy/4_01.png"", ""PrivacyPolicy/4_02.png"", ""PrivacyPolicy/4_03.png"", ""PrivacyPolicy/4_04.png"", ""PrivacyPolicy/4_05.png"", ""PrivacyPolicy/4_06.png"", ""PrivacyPolicy/4_07.png"", ""PrivacyPolicy/4_08.png"", ""PrivacyPolicy/4_09.png"", ""PrivacyPolicy/4_10.png""], ""net_node"": [{""__id__"": 9}, {""__id__"": 11}, {""__id__"": 13}, {""__id__"": 15}, {""__id__"": 17}, {""__id__"": 19}, {""__i"
assets/res/import/a7/a77ffc11-87a2-4b01-91cd-3cf5997e5c0c.json	/1/_components/1/dom_url	https://ifs.yonogamebox.com/gamerule			https://ifs.yonogamebox.com/gamerule
assets/res/import/3c/3c37cefd-458e-47d8-8f83-4382633822d7.json	/1/_components/1/dom_url	https://ifs.yonogamebox.com/gamerule			"{""__type__"": ""1786ctzziBNm5jXvffalfGG"", ""node"": {""__id__"": 1}, ""dom_url"": ""https://ifs.yonogamebox.com/gamerule"", ""abs_url"": [""UITitles/settings.png""], ""net_node"": [{""__id__"": 4}]}"
assets/res/import/3c/3c37cefd-458e-47d8-8f83-4382633822d7.json	/1/_components/1/dom_url	https://ifs.yonogamebox.com/gamerule			https://ifs.yonogamebox.com/gamerule
assets/res/import/9f/9f8ce375-f903-4b19-83ee-16c270e083ec.json	/1/_components/1/dom_url	https://ifs.yonogamebox.com/gamerule			"{""__type__"": ""1786ctzziBNm5jXvffalfGG"", ""node"": {""__id__"": 1}, ""dom_url"": ""https://ifs.yonogamebox.com/gamerule"", ""abs_url"": [""ResponsibleGaming/2_01.png"", ""ResponsibleGaming/2_02.png""], ""net_node"": [{""__id__"": 9}, {""__id__"": 11}], ""type"": 1}"
assets/res/import/9f/9f8ce375-f903-4b19-83ee-16c270e083ec.json	/1/_components/1/dom_url	https://ifs.yonogamebox.com/gamerule			https://ifs.yonogamebox.com/gamerule
assets/res/import/b0/b08bec7b-b06b-4504-805c-48c87bea1da6.json	/7/_components/0/_string	https://www.philslotsagent.com		https://www.philslotsagent.com	"{""__type__"": ""cc.Label"", ""node"": {""__id__"": 7}, ""_materials"": [{""__uuid__"": ""ecpdLyjvZBwrvm+cedCcQy""}], ""_useOriginalSize"": false, ""_string"": ""https://www.philslotsagent.com"", ""_N$string"": ""https://www.philslotsagent.com"", ""_styleFlags"": 1, ""_N$verticalAlign"": 1, ""_N$overflow"": 2}"
assets/res/import/b0/b08bec7b-b06b-4504-805c-48c87bea1da6.json	/7/_components/0/_N$string	https://www.philslotsagent.com		https://www.philslotsagent.com	"{""__type__"": ""cc.Label"", ""node"": {""__id__"": 7}, ""_materials"": [{""__uuid__"": ""ecpdLyjvZBwrvm+cedCcQy""}], ""_useOriginalSize"": false, ""_string"": ""https://www.philslotsagent.com"", ""_N$string"": ""https://www.philslotsagent.com"", ""_styleFlags"": 1, ""_N$verticalAlign"": 1, ""_N$overflow"": 2}"
assets/res/import/b0/b08bec7b-b06b-4504-805c-48c87bea1da6.json	/7/_components/0/_string	https://www.philslotsagent.com			https://www.philslotsagent.com
assets/res/import/b0/b08bec7b-b06b-4504-805c-48c87bea1da6.json	/7/_components/0/_N$string	https://www.philslotsagent.com			https://www.philslotsagent.com
assets/res/import/cc/cc566495-9138-4edf-b290-5ed58c842818.json	/1/_components/1/dom_url	https://ifs.yonogamebox.com/gamerule			"{""__type__"": ""1786ctzziBNm5jXvffalfGG"", ""node"": {""__id__"": 1}, ""dom_url"": ""https://ifs.yonogamebox.com/gamerule"", ""abs_url"": [""TermConditions/5_01.png"", ""TermConditions/5_02.png"", ""TermConditions/5_03.png"", ""TermConditions/5_04.png"", ""TermConditions/5_05.png"", ""TermConditions/5_06.png"", ""TermConditions/5_07.png"", ""TermConditions/5_08.png"", ""TermConditions/5_09.png"", ""TermConditions/5_10.png"", ""TermConditions/5_11.png"", ""TermConditions/5_12.png"", ""TermConditions/5_13.png"", ""TermConditions/5_14.pn"
assets/res/import/cc/cc566495-9138-4edf-b290-5ed58c842818.json	/1/_components/1/dom_url	https://ifs.yonogamebox.com/gamerule			https://ifs.yonogamebox.com/gamerule
assets/res/import/7f/7f2c95bf-9f60-4c5b-b1d4-eda4fe09b601.json	/1/_components/2/dom_url	https://ifs.yonogamebox.com/gamerule			"{""__type__"": ""1786ctzziBNm5jXvffalfGG"", ""node"": {""__id__"": 1}, ""dom_url"": ""https://ifs.yonogamebox.com/gamerule"", ""abs_url"": [""UITitles/mail.png""], ""net_node"": [{""__id__"": 3}]}"
assets/res/import/7f/7f2c95bf-9f60-4c5b-b1d4-eda4fe09b601.json	/1/_components/2/dom_url	https://ifs.yonogamebox.com/gamerule			https://ifs.yonogamebox.com/gamerule
assets/res/import/64/64249ffa-5032-455c-bc96-126739ab9776.json	/1/_components/2/dom_url	https://ifs.yonogamebox.com/gamerule			"{""__type__"": ""1786ctzziBNm5jXvffalfGG"", ""node"": {""__id__"": 1}, ""dom_url"": ""https://ifs.yonogamebox.com/gamerule"", ""abs_url"": [""UITitles/contact.png""], ""net_node"": [{""__id__"": 3}]}"
assets/res/import/64/64249ffa-5032-455c-bc96-126739ab9776.json	/1/_components/2/dom_url	https://ifs.yonogamebox.com/gamerule			https://ifs.yonogamebox.com/gamerule
assets/res/import/99/998333fd-ddbf-49c0-ba49-e77fca08fc66.json	/1/_components/1/dom_url	https://ifs.yonogamebox.com/gamerule			"{""__type__"": ""1786ctzziBNm5jXvffalfGG"", ""node"": {""__id__"": 1}, ""dom_url"": ""https://ifs.yonogamebox.com/gamerule"", ""abs_url"": [""aboutus/01.png"", ""aboutus/02.png"", ""aboutus/03.png"", ""aboutus/04.png""], ""net_node"": [{""__id__"": 9}, {""__id__"": 11}, {""__id__"": 13}, {""__id__"": 15}], ""type"": 1}"
assets/res/import/99/998333fd-ddbf-49c0-ba49-e77fca08fc66.json	/1/_components/1/dom_url	https://ifs.yonogamebox.com/gamerule			https://ifs.yonogamebox.com/gamerule
