path	bytes	sha256	format	width	height	mode	frames
assets/res/raw-assets/00/00fc3b3a-81ce-475b-9605-7cffbd3da17a.png	677	a9fe78ca8e0a20f495011710d2c3414de2fe0eccfccad50b7e84205d600e76ea	error:UnidentifiedImageError				
assets/res/raw-assets/02/0275e94c-56a7-410f-bd1a-fc7483f7d14a.png	83	b965b88aa0e3deb1b167aca4df32d8531860c82ec0e3c875286a0e2234975f1e	error:UnidentifiedImageError				
assets/res/raw-assets/02/0291c134-b3da-4098-b7b5-e397edbe947f.png	1048	a39d929556cef48d0b4a9e664d3053b21c721de8bbe2d83ee5d123ce8e454a75	error:UnidentifiedImageError				
assets/res/raw-assets/03/03ce8315-f339-4686-973b-4901079be67d.png	38662	f7cc0fb52b2ee7ded1d3c4d06b4be9f3b24bd1fe49a6fc7cf101dcdf5d39555a	error:UnidentifiedImageError				
assets/res/raw-assets/05/056dad85-b338-4a7a-bbe4-591b765c0b80.png	96166	527e5447f00403b44d373998e36146e6f69f0e240879f5c5ae900abc0dee8b10	error:UnidentifiedImageError				
assets/res/raw-assets/07/07393340-465c-4cc7-a3c0-992a770a0254.png	72532	ff1d6973ed9d3e760cc48c5aaad15f3bbc2f31736acaa1e5bda3da99a0f09f15	error:UnidentifiedImageError				
assets/res/raw-assets/08/0856cedc-fc04-40c0-90dc-ee6081306937.png	9419	35578865100330cccfd653a3e8173e8936daf9c7dea11707ff25bf5979f7c29c	error:UnidentifiedImageError				
assets/res/raw-assets/08/085c920c-b6b6-4e84-a233-e09d0530073e.png	163132	1e9342c4c8cc8d98c28549ea19e77c83c1de71481cb4f78d69d76d3eea63c14d	error:UnidentifiedImageError				
assets/res/raw-assets/09/0941eeff-65ef-46ec-8ac9-0cdbe6bd71b5.png	3556	7f35bdd3d868270711fe3023bfb7ab3f5df8ca55100a3748a0ae285004d8c788	error:UnidentifiedImageError				
assets/res/raw-assets/09/09b2cb5e-1698-4381-9493-e8f93ce7280c.png	9723	9edc996262db148dd1d21d92650c2538286464a726e55a7d17b5380034b3960a	error:UnidentifiedImageError				
assets/res/raw-assets/0a/0a346691-3b75-4be0-b422-7dc3fa4e9f50.png	21732	d802185e26d833d36261ce0cadae04a7b57443ebd963ee3faa8db7d65fd92b94	error:UnidentifiedImageError				
assets/res/raw-assets/0b/0b5f5118-7a33-4549-ace5-4c412f842dc2.png	18351	6fbbd1e014f599dde8f991d240486dca8b03f592354647a3957455b2d9fbedd4	error:UnidentifiedImageError				
assets/res/raw-assets/0d/0dd4243f-55d3-4911-81de-1881fd490dad.png	34103	38591b1a10f20a879c6dc951fce2f98e31763eb4bd393e6070df27a79c0fe71b	error:UnidentifiedImageError				
assets/res/raw-assets/0e/0eb04900-b041-4f35-9ce4-5c0c92017cbc.png	224623	7260145e17609ea146a84447322bbd7b1f8e87ada2441b58827754dbca61f152	error:UnidentifiedImageError				
assets/res/raw-assets/0f/0f54f657-f3c7-4953-bc24-0ee027f3f995.png	220904	a1c4d1a55baade8fb5ec900f032feae7d76dd548e0b82d322b148b04c42dc914	error:UnidentifiedImageError				
assets/res/raw-assets/10/108acf59-53c2-4995-b0a6-63994f4b50b6.png	202285	8c3bf7a4d1996a072418d838146e8debfa0ceb92c8738d2f079ce101a2913bf4	error:UnidentifiedImageError				
assets/res/raw-assets/10/10c0cd7a-1cca-4cf2-b62c-9f9b84fedaaf.png	224281	503abf59f576a3b45e1c58defcb1fc35a6f1b2c2e40c28752142ad83cad45b3b	error:UnidentifiedImageError				
assets/res/raw-assets/12/1280d36c8.png	37276	d6e389f805366ad306e47a66282f4b7620e2a1cd4cff17fe2ab7d3602c16b014	error:UnidentifiedImageError				
assets/res/raw-assets/12/12cc4cd8-4ded-4344-bd27-3388b2c1e586.png	25339	f8ad94e1be325b086277af0fcd318e642d1e4a1abce83d76322dbf9e4be0c62e	error:UnidentifiedImageError				
assets/res/raw-assets/13/1313c6a0-a236-4e16-be02-93c4025bd8fd.png	2553	ab6dce191e14dfd944c374046504543667d41fd891afcc51d6c445e80de1fde1	error:UnidentifiedImageError				
assets/res/raw-assets/13/131fb5c3-1396-474e-a9b7-daf1692359a3.png	16626	60458493137eca3bf489d94cbf9e85010c5493d3cddd7bcee9afb49bc4e8ded6	error:UnidentifiedImageError				
assets/res/raw-assets/13/139efa19-9217-4b08-a3a7-12ae61bfb183.png	17515	5d5357fc4d6e64f4f94071629002b0cd093ef6ff4af9e97dfefae2a56e155687	error:UnidentifiedImageError				
assets/res/raw-assets/14/1442cf659.png	85712	f7af79a379dd16f5a36374e579d53dc2d56249b51fdf4a710c8468c674a0ac46	error:UnidentifiedImageError				
assets/res/raw-assets/14/145e3deeb.png	75607	0428a7a059cc958004f52edbd3a4913d3ed82f374852ef05184843dd3770adfc	error:UnidentifiedImageError				
assets/res/raw-assets/16/160668e2a.png	41136	607e0d0f9e3047384833e0d66694f7d7b2e01b33781058a8951b9629b72d75d9	error:UnidentifiedImageError				
assets/res/raw-assets/16/16386d0b8.png	58717	d20b396e07ffcc0391fcc68c3d7d80fab0307706799e644d861752e18cf27a02	error:UnidentifiedImageError				
assets/res/raw-assets/16/1680fa1e0.png	49812	e6cdbb2498fdfa5ab12074de3a941c79c2afb2b59b943f39690a2e23535bab9e	error:UnidentifiedImageError				
assets/res/raw-assets/16/16f7ac2b-1458-4901-8bbe-18984e4b705f.png	21273	d2c6f0cd890f65602b2a494a6a6f6e553108ba65cd27f45be00cbd43c20fa76f	error:UnidentifiedImageError				
assets/res/raw-assets/17/1732d6c30.png	27343	bd07ebb3ca9915403058f5d037aa8e4398bcaa42b3c00fbdf7a88c1c6e135e04	error:UnidentifiedImageError				
assets/res/raw-assets/18/189414e7-3003-4422-9907-d32f0919b8b9.png	1335	f6579263683e44b3a55a0a664e32d77dd61b3c147196bf592b04153e208972cb	error:UnidentifiedImageError				
assets/res/raw-assets/18/18f892239.png	38089	b5baff0167227796687c9e982bde4778b560cf561bb12cb789fc3d47e2df686b	error:UnidentifiedImageError				
assets/res/raw-assets/1a/1a9bb0b01.png	52053	2de2740b841ad472deb675326adc6c50eb7f691448bc6e2893a93fc6964a850e	error:UnidentifiedImageError				
assets/res/raw-assets/1a/1ad1a0c0f.png	253579	d3cec6919fd58085a57881e3945a55eb3226607cb4f2fd29b620c0d54b66423f	error:UnidentifiedImageError				
assets/res/raw-assets/1c/1cf0e127-6fd0-414c-8c39-96464b94fdc1.png	88073	a0264102897c0c7a7ba7d2dc940b99d89874382ec515214b255dc79ae1f941ef	error:UnidentifiedImageError				
assets/res/raw-assets/1e/1e22ab07-959e-4ed8-999d-5279afdd37a7.png	339106	73ab35bef078d80d20088c526a6b9ebdb1aaaea7164b2dc8e5ff5f674325c725	error:UnidentifiedImageError				
assets/res/raw-assets/1f/1f15a05da.png	93359	46fdd2b5d3e1a68e11ad8a5b65eb398b55ef29496a812d53b1b11e898f93eeae	error:UnidentifiedImageError				
assets/res/raw-assets/21/2127ad33-c925-4adb-9cec-50ce42e1d54a.png	31112	8f0f942652d83a1338d059adeeb76bd9a57641dfe61aa1cfae871c56e5b2f9c2	error:UnidentifiedImageError				
assets/res/raw-assets/21/2151eca4-6dfc-45b6-80e0-028ea660ff93.png	5761	b68103210aa6e82e78c90fbdf4a686e4700f8f19413ff18d9ac936469ce1a489	error:UnidentifiedImageError				
assets/res/raw-assets/21/21aa541c-b806-4cd1-a3d6-ce9eb6770d38.png	7155	d6f805b360ef470818fe8676e7f6c2bf5de5145492db2b4d9407c3c86c4c0330	error:UnidentifiedImageError				
assets/res/raw-assets/21/21e86993-22df-4cfc-898a-b9facd69bcdf.png	29920	197c765ef5c59e29a1adef0c6c75712d21c7311296bf1a25fbbf6fec7cfb37cd	error:UnidentifiedImageError				
assets/res/raw-assets/23/237968af-6e9f-417f-b8ac-9824a26b1e80.png	786	11c99eacc8b0187b84548ae60a920cf4f3e3e98be2762ceb2e62d7e820eba3de	error:UnidentifiedImageError				
assets/res/raw-assets/24/246628f4-2416-4200-a1bd-43cf704821fc.png	36179	db3bf4d8d6a0814764a7cc95207345730ff634d3aad514686d18c8a6beebb341	error:UnidentifiedImageError				
assets/res/raw-assets/26/267fb4f9-02bc-41b2-9767-aafbc8de1d9a.png	94102	a45bb6d53f3477ae0660575de2e3f1b2e69a5d4acc8b7525e20b4f6717e99266	error:UnidentifiedImageError				
assets/res/raw-assets/27/2751922d-df63-4a04-884a-93a84b7ae882.png	46215	55c11c957d7a57132d5b1fc6ed67f81509d0558f5c839122ffc8aa2480bda9a5	error:UnidentifiedImageError				
assets/res/raw-assets/28/284c14ba-b668-4abe-9cde-64a717e46144.png	4669	981527d14b0dff9889307a6cad5484b9c18dad2394d13ca07dfe3212e6a5dcdc	error:UnidentifiedImageError				
assets/res/raw-assets/2a/2a939bfe-d905-4443-a3ef-166aabd8da4d.png	242149	187fcfb9e91b413ef4e7bf2c07ca25f2bf3f747e6d496f98db1cadb5383af698	error:UnidentifiedImageError				
assets/res/raw-assets/2b/2b0e4354-0f81-436f-acff-ff6979858c6d.png	3860	4737752ffc42ca3753452c188dabf584373a4826fd93627b2326c9e1a8f4cd28	error:UnidentifiedImageError				
assets/res/raw-assets/2b/2be24ebf-8391-463b-b5e9-d52f05d6b577.png	80213	842539ed2883368131de0c00da94109290264995f6c025df37a9d7a0a3da6d46	error:UnidentifiedImageError				
assets/res/raw-assets/2c/2c9c7d50-cce0-4ed4-b86d-59ebadc01a18.png	16867	74d5f4c8a51185d019040320480b7986cae38f168963cc4711c7f53bb3d31df9	error:UnidentifiedImageError				
assets/res/raw-assets/30/3068275e-bf04-448d-93bc-09706142ee5c.png	59796	0b0d1ac8adc402d3203f608fe6cef61845c97ef7818c2a9d8a004dcbbdd7de6c	error:UnidentifiedImageError				
assets/res/raw-assets/35/355a928e-261b-454c-9697-4dbcbac0deea.png	3469	bf2de29f95ade8e9a478e90ed8a5fa885761285ebe3e5970a5d6833820ddc62b	error:UnidentifiedImageError				
assets/res/raw-assets/36/364d129e-f532-41b0-95bc-565aefe689d9.png	44905	8f47c7b03b1aa15106f659ddf8ea4606c33051af0af12078d7d7e5e47d5f1d55	error:UnidentifiedImageError				
assets/res/raw-assets/39/394eb57f-90dd-4adc-9831-fb773e88d040.png	81361	9b5db45c7352acdb587072874b7bcfe2de8ae402d27ea37570d2124238c93e6a	error:UnidentifiedImageError				
assets/res/raw-assets/39/3972b123-461e-4070-85b5-260d234e1ce3.png	621	61067e5e67cab2d8c861b0763b2ba84b6e534088c3b558b98c772bbe48ef417c	error:UnidentifiedImageError				
assets/res/raw-assets/39/3977473b-9253-4603-a42d-a3200472eb3c.png	57467	04e3f7f425a5d975b5917bc89c4bb6e65e2a412462e0eb85b9eeeb76ed590204	error:UnidentifiedImageError				
assets/res/raw-assets/39/399aef27-0301-4536-8086-c0c4c42377fd.png	13823	c13754c7ea0cb6019213a17f49fd681daec2a035c25679d4965dbc7bd5198deb	error:UnidentifiedImageError				
assets/res/raw-assets/3b/3bdd6854-0146-4c88-bd28-ad94c5997422.png	16670	77455716312dac05dc336b83a473bbd1c7905a4cf8badfeeb8735d94c89fe709	error:UnidentifiedImageError				
assets/res/raw-assets/3f/3f183c96-a1c7-4da6-9fa0-ae8a4b0ee343.png	4652	0ab5c3ca8fa4f5e60d12df0a44b2216169a3df01b04c36cc7985d57d82990432	error:UnidentifiedImageError				
assets/res/raw-assets/3f/3f3106c0-c034-4833-8ca5-a33000c40c16.png	16005	ca6150624a1cf4721769f4e6926546d50ea1cef99b6c11e3bee1225c6f7b2fe7	error:UnidentifiedImageError				
assets/res/raw-assets/3f/3ff03a29-5cd1-49f0-aaf1-babbb3893928.png	11584	cf6f3ebc3e20784fbbba2a9e76b73992a8c314f9048b0171145a5d3d1675f8b6	error:UnidentifiedImageError				
assets/res/raw-assets/43/43cacac5-9751-4f81-adf6-ab7de18a4751.png	2048	90518caad79eb2624e3be2fcc868b500abdabb586c00e53d9ed83deaf03f0564	error:UnidentifiedImageError				
assets/res/raw-assets/43/43fd5620-aa5d-4e70-b785-287b539570ea.png	122360	c7aecb6a63ba989eeb1bdec7905de4555b4ead282556cb1c62f61c1a889c9f71	error:UnidentifiedImageError				
assets/res/raw-assets/46/468352f5-0049-4e59-a80e-52492838485e.png	68598	1f82ed01baf07357c1dd7ce128fc8b97672e1a397c9c3c4ad9707971410bbb9a	error:UnidentifiedImageError				
assets/res/raw-assets/47/472019d8-81d8-431a-9657-2fde9ce65d88.png	3993	1db6c263203e2d09f285e3fcdff459956fc400af2d1eff7bb2f5f1d5cb33dc16	error:UnidentifiedImageError				
assets/res/raw-assets/48/48c29a9a-1668-4848-a262-419643ab9504.png	67731	e62a95069ff79ff29ff6711b1d197275f677dfcd30018aae8da9be3732566bc6	error:UnidentifiedImageError				
assets/res/raw-assets/49/4920d172-2cbb-4013-8722-11456c209f11.png	34281	19c5c7f08b0371265aeb14efc77bfaa6295c23b3bf551545dfceff9cf26a1496	error:UnidentifiedImageError				
assets/res/raw-assets/49/4979facc-983c-417e-8e90-e52f42424c6d.png	92991	74f9e1d9cd1a9f80e2efc247e539ea286ca38de0fe2ffe334f173cd29df91085	error:UnidentifiedImageError				
assets/res/raw-assets/49/49b59613-69af-4034-b44c-90f9cf7c91ba.png	10561	a6dbf6a03084f6bf30bdb990f82e70c444c83d34e5f41a90ead1f8aa719d50bf	error:UnidentifiedImageError				
assets/res/raw-assets/49/49c66c7f-9ad5-45ac-a97f-5a0603e87380.png	50220	96bde6566c9a469d3e6ce599f689edb4328045e6f0de7e848f6d153dee44f15e	error:UnidentifiedImageError				
assets/res/raw-assets/4a/4a38a519-c170-4dd1-9bc1-41f80826a8c2.png	20798	1cf7c795dad4480988bae86ca7e77592c96b034205db3e4cb610365470f51c3f	error:UnidentifiedImageError				
assets/res/raw-assets/4a/4a92f282-7c7c-4d96-a561-55330ad46554.png	23671	45365c2791085f170798b5e2917d0ac910c75c99131295fb94cd13610d82e794	error:UnidentifiedImageError				
assets/res/raw-assets/4a/4ac65d5e-58c7-4d4e-8761-8cb1caeef7b0.png	50211	3b3e1979ab3f6757bb81e23fcc1e5f85432648689b230fcdf48b77ae1aff5c7b	error:UnidentifiedImageError				
assets/res/raw-assets/4b/4bab67cb-18e6-4099-b840-355f0473f890.png	1179	1262ae90943949d73f5679b06a67bd9a0a9687826243e71645c16352bb608251	error:UnidentifiedImageError				
assets/res/raw-assets/4c/4c7d1aa3-bc4f-43cb-9629-effcf565c4eb.png	35100	55ad5d472ddba76bbf28a0f78ad861b9998d075fcc2d0263c7288333c0db7792	error:UnidentifiedImageError				
assets/res/raw-assets/4e/4e1c516f-4b51-4ff9-b19c-3535ad566ce8.png	76020	f83e2d2e5117df0f5c8ef6674208909dc7ff223a5a18dc7fa7654ef1c293d353	error:UnidentifiedImageError				
assets/res/raw-assets/4e/4e593b44-26d8-4bb2-af1d-e59006a11135.png	14369	74b3c28edeb830db6ba3ff8f7b79ff65a6cb61d6b822c85b767e24f18da7d703	error:UnidentifiedImageError				
assets/res/raw-assets/50/50fcfc5e-fa04-43f6-a530-518d7f06aa8a.png	2001	a1910f9d2e5b70380647347e178c84364f429d6747e0aa06d52751d9c1cf4ce3	error:UnidentifiedImageError				
assets/res/raw-assets/53/53eb90e8-f500-4731-8f9c-088ee022db9e.png	4134	77e8d26d91a46730c3ec1b7a8604832802ce4f37c379c341c67526d980345dd0	error:UnidentifiedImageError				
assets/res/raw-assets/54/5464965c-60aa-480d-8ff3-e8e97fbe405e.png	17645	5fcfd381fca431a58ce2651de181e53d1b8dc4a8cd0690fe2b7af7980333eaba	error:UnidentifiedImageError				
assets/res/raw-assets/56/567dcd80-8bf4-4535-8a5a-313f1caf078a.png	1676	795ec26970e5e886fd0a7b5cb63d9dce0b83050c13345677ca2cef7bf2a52360	error:UnidentifiedImageError				
assets/res/raw-assets/57/57563cda-780a-4acf-aa83-1f4fd9c30a96.png	251853	ead456845c4e816d3e258bfc8ca31292299100be858929faf8a14b026a9614af	error:UnidentifiedImageError				
assets/res/raw-assets/57/57c0fb2c-54ee-455c-b6c0-ea26fb056578.png	7348	f70ceac9fd30cdb875b6d82571028829567664b421de83c2caad47342472c051	error:UnidentifiedImageError				
assets/res/raw-assets/57/57fce1a7-2151-4ec5-ae9e-c7a5c1168100.png	29112	db569fbf6ce00fe94f26b1cc716e46509f49047245543847d6ebbd9c47571797	error:UnidentifiedImageError				
assets/res/raw-assets/5c/5c7fa4ee-3373-4f65-99af-b1ff82aae31e.png	3331	f5e8a909095f76933c224e842d06c719bc93fe1a9123884ac48e00f93421ac5a	error:UnidentifiedImageError				
assets/res/raw-assets/5c/5ccca336-2121-4b3e-bee8-324d87a6f091.png	6687	62f806ec4d81242722efd7ccd9970509ee1ae887911bfd88d4469e2e24c55733	error:UnidentifiedImageError				
assets/res/raw-assets/5e/5e110549-e287-4182-bcdc-804898bd2f99.png	23474	2279518293a504db635413856d0cda2d1cfbc8b071d362ddf3cba72fcd64bb37	error:UnidentifiedImageError				
assets/res/raw-assets/60/600301aa-3357-4a10-b086-84f011fa32ba.png	7519	18a65b89eedd7e7972378356e0f06851ece604e409bed8a0f245949012aa42b1	error:UnidentifiedImageError				
assets/res/raw-assets/61/617323dd-11f4-4dd3-8eec-0caf6b3b45b9.png	1188	9f035a557aa553e8cc3c0b3361a547e9545ef15c7df9b9484d827165477cfdb5	error:UnidentifiedImageError				
assets/res/raw-assets/62/626eb18e-c6a5-48ac-a682-e629bc6537bb.png	15807	d400e3e1d056bc7a9119d2f057c38e73043f863d7a09b2108d128e2f67e12b0f	error:UnidentifiedImageError				
assets/res/raw-assets/62/62d471a5-1320-4a57-806a-d0237e7f84d6.png	4604	f1a17d87ad56ae0aee4bae862204d4148461646560e52b910d413bf8af0f168b	error:UnidentifiedImageError				
assets/res/raw-assets/64/648a1be1-29db-4f7a-9734-3059fffda013.png	97860	53644d959d90f204b796d616866901744809959cc80c669f56c79cb6e7d67c5e	error:UnidentifiedImageError				
assets/res/raw-assets/65/654c283a-6584-4f13-915e-234c23978912.png	78635	2330109c6e16787355efd7fbe6285c5597c7a70734e344fcfb7fc15d192a42d9	error:UnidentifiedImageError				
assets/res/raw-assets/66/666bb002-cdc3-41c4-beb9-91f05efdd64e.png	8070	d6f75154cec4603b4aca317d7071341cecc3a1605298bec9966069e968b93d5b	error:UnidentifiedImageError				
assets/res/raw-assets/68/6865b2bf-8673-4eb3-99c3-9d4ff1adb2ff.png	19006	d29ca03c3dd7920bf9f3d6b22e9bfd7b679c754e61827a4dbc59989c58dec7a2	error:UnidentifiedImageError				
assets/res/raw-assets/6b/6b409659-0ea5-42bc-bff3-ff827ecf4f75.png	6668	31c36f351b0e7f4252862f4e84410e5d01faf09e58de2bded5303e8f45dda51b	error:UnidentifiedImageError				
assets/res/raw-assets/6b/6b4560b9-ea56-4094-a7b8-30370fc2caf2.png	13507	1f6d5ba56c1bc4297d0820559d9a825dcc924532c1f0bc42cd79d2b224bc8e7b	error:UnidentifiedImageError				
assets/res/raw-assets/6d/6df35e4e-1e94-4c6a-9c3d-5b94455ad568.png	55972	1c2c6f3b42451d070a9f26ea47d3869aad11d1b014d460cb5c7d369907b4072c	error:UnidentifiedImageError				
assets/res/raw-assets/6e/6e056173-d285-473c-b206-40a7fff5386e.png	1634	fa9271528e0506e3ac6727a10896b2cf308a4e9b96aac0d6951c97cbde83975b	error:UnidentifiedImageError				
assets/res/raw-assets/6f/6f4a86b4-4d37-4b2e-a435-fb974a54b5ca.png	14752	4100114c203559c520133b77cb12a7f35515322f400789c520713767d56e208b	error:UnidentifiedImageError				
assets/res/raw-assets/6f/6f8b923f-7826-4d34-b84e-e59cd6ffdc1c.png	86	69d61d2c0a6aacbd1969ebd6701367b792c64f4157a14dfab0bc35e5f1837af7	error:UnidentifiedImageError				
assets/res/raw-assets/6f/6f96ad26-4c8a-4835-be8e-83ea7a930130.png	17937	c4ebd428a9b54094a50fd3b009ad262479eabfe37cabe40cf5aed5b7e47e6b8e	error:UnidentifiedImageError				
assets/res/raw-assets/70/70eb5788-0637-473d-ae29-ad4f077fbeae.png	28794	3cef9a385980df29b04535d794146cbd0829cf34aaef2ab63b9840000c33a3b3	error:UnidentifiedImageError				
assets/res/raw-assets/71/71561142-4c83-4933-afca-cb7a17f67053.png	1051	93b95ab5da78de9689309b2d0a2b84942cd0261bea1d288a3c383cbf76d3df79	error:UnidentifiedImageError				
assets/res/raw-assets/71/71ba0df8-f44e-44b6-b859-4d2f78b14fee.png	29476	10851356d21b3a47360d7fc2ca759b2599ae76dc33ff9919bb41c388e90b4641	error:UnidentifiedImageError				
assets/res/raw-assets/72/722f633c-2246-4a30-bd8a-fd399e3fb72f.png	11377	13d899d0bfbd1ddad70653c6f78c189b761e269d3bfd6b111ee57c36e0cd02fc	error:UnidentifiedImageError				
assets/res/raw-assets/73/730e1bec-48ac-466a-a362-6574c5deaa5c.png	6108	384937cd7421a9989d471121c2b99df2d29497489b03a43c0c8afb5966f5d8bc	error:UnidentifiedImageError				
assets/res/raw-assets/73/731dbb29-0473-475a-b5b2-3b45c36b713f.png	236119	5d8897bde8043f2f478a870019e61c5dd50286f377e844373436107d754fb7f3	error:UnidentifiedImageError				
assets/res/raw-assets/73/73a0903d-d80e-4e3c-aa67-f999543c08f5.png	1423	ddf87c8d938f6122cb93a9eb2e0876257cdad425fa0704808101c5b2e1ab6b70	error:UnidentifiedImageError				
assets/res/raw-assets/73/73b4d6de-85ac-47e2-ae6a-ef5474b0c899.png	35635	4c0137f73ae026dc0c1ee76d7f2447618f45702ecd14d831bca2d95e315e194d	error:UnidentifiedImageError				
assets/res/raw-assets/73/73ea0597-cf24-4080-b928-54626e47c75a.png	4200	a97dc873cd30503d8298dab13e03e4b85c7b1cf45adf8affbdaae3a9946f9db5	error:UnidentifiedImageError				
assets/res/raw-assets/78/789838ad-e35e-4579-822f-fd41e2cc9a07.png	9585	408b9a62864d26d95913f9ec8e327ccb2c7560c27178ee35791874ff7549a55e	error:UnidentifiedImageError				
assets/res/raw-assets/7a/7a1e7143-10c7-407d-a40f-b62630da8322.png	2241	35eb9d8fdcd74293630f6283f52855ed7ee92798dcec1c22cd9393079b5cc822	error:UnidentifiedImageError				
assets/res/raw-assets/7b/7b2d49b3-db70-4c86-8619-1426c13f2cce.png	36533	713d4d910769ec677a250c29cd5049e43ca4f7426b8444aec89ecde62c680bc9	error:UnidentifiedImageError				
assets/res/raw-assets/7b/7bed5dd0-5eb7-4f0b-8d21-1f6ddd79b767.png	2270	720ba6bea8c6a8b7736290c7fc228af24690f60b37b70dbcb3f0fd9c4171fa0a	error:UnidentifiedImageError				
assets/res/raw-assets/7d/7d75fbc6-77f6-40da-b415-89ca0acdf574.png	9322	6d7d3270227b7b19a2719030789f7cd3f56632e76511574fb9ecee219cdf923f	error:UnidentifiedImageError				
assets/res/raw-assets/7d/7d7b0e9c-1c97-45a7-a48b-f7475575571d.png	45779	8c4cfd6cdd1cabaeedbab241472c9048233fba27172d3ec0e21e8484430646c3	error:UnidentifiedImageError				
assets/res/raw-assets/7d/7dc3b32e-392f-4915-89da-2ce9d02560a8.png	26166	af4b7cdf940413ed6215bbf3eca5240170bdaea04fdaa44da6fef63c02ae50db	error:UnidentifiedImageError				
assets/res/raw-assets/7d/7dfcc304-ee31-4a99-8e68-43d14e96c700.png	7705	b1aa4b1d4204a9dc6221208cf9472319ec912d0f87080b288996e3f22cb59435	error:UnidentifiedImageError				
assets/res/raw-assets/7e/7e52db12-d208-442a-97b4-05cef7c1a693.png	43194	ec2c44893d7813ff5c81cb6f885671e03cdfce5a98a186a53a80e616f7c510e8	error:UnidentifiedImageError				
assets/res/raw-assets/7e/7e729cdb-9f65-423f-b107-4b4ab437317a.png	244872	d83e785602b30f58a2d3abcf99230bc69bc5e5e38dafaed538ad1e8ad3fb4551	error:UnidentifiedImageError				
assets/res/raw-assets/7f/7f1024bb-3513-434a-92a8-ef03f7f75dc2.png	27199	cd163bd3269ba171c36702863aacdd62c0ec2b5bc5d5b1ab4cfe4ef3d36c17ba	error:UnidentifiedImageError				
assets/res/raw-assets/82/82574817-7a4f-4fb2-b4e8-c2754e1a25c1.png	8474	45e124ba22bca9c4e18e941dca0411d54f493525f7912515fc418e0ef8fd86b5	error:UnidentifiedImageError				
assets/res/raw-assets/83/83410d64-b184-433b-92a4-da1804c7cb80.png	27157	9cd27b81dc17926de4997b346cdd4363e60c2cc031b74866ae84691916ba9ffc	error:UnidentifiedImageError				
assets/res/raw-assets/83/83f0fb9a-69a2-4210-86f5-f6cbba19a5b9.png	36714	88b79ae14fcf01736f8d9ecbdceb64797cfe98d21a6e86cbb2fa374db7f6a0a4	error:UnidentifiedImageError				
assets/res/raw-assets/84/84869634-c4ac-476b-82f2-31986db34547.png	684	bcc06d60cfa6b86e4c58267301a9dcc789ee2f407fc2ec88d2e6b5ad50fb3ac3	error:UnidentifiedImageError				
assets/res/raw-assets/85/850ff4a8-4ee3-4276-9a40-dc7109762d24.png	11721	1fc1918da7a028909d3c533fed953042514b555023b40ab6f4e7ef3ba1f0b3a3	error:UnidentifiedImageError				
assets/res/raw-assets/85/85a8f0a1-9f5d-4acd-a3bd-2fbbdd189ec5.png	66374	1fbe31344c843bfffe53f1e1f86c9a0cd2002f8aa48fbd4154e7662a18b2530c	error:UnidentifiedImageError				
assets/res/raw-assets/87/87a00793-3299-4efe-9f6f-bc9f02922c5e.png	7939	4086103c2d974bb90b2d8fa1170567af8d69663814740d9faec18560f5e3d2cd	error:UnidentifiedImageError				
assets/res/raw-assets/89/89854930-002c-44c7-bf3a-e4efe70d7269.png	48745	0aa9e2959ce1e4c547400083d11fac27e238ed3ba01f6a54ef1b467d0b94ccea	error:UnidentifiedImageError				
assets/res/raw-assets/8a/8a96b965-2dc0-4e03-aa90-3b79cb93b5b4.png	1440	4e72176086babd7b7a978da5e0438e2069f91a5608210e937df1d670cbb43bac	error:UnidentifiedImageError				
assets/res/raw-assets/8b/8bbf0b33-6b38-468d-9341-801563280a19.png	2820	55528e1b045a3417f7174f810c69a42a26405c72a14339bbd167ae68469c2ecf	error:UnidentifiedImageError				
assets/res/raw-assets/8f/8f1cb4b4-907e-44e3-b3b0-2f38f5e66b67.jpg	127165	62d68aa83d9434a789bab49e2ca028a5471474491a1943b5ea58f08ec9bf027d	JPEG	1140	1560	RGB	1
assets/res/raw-assets/8f/8f34229b-9d6f-437d-b67e-8a98b18a85bb.png	203520	38aa6ff8644e5d34d87c0ab47adddaed078c74a4b94935c4ca84153db824b6d2	error:UnidentifiedImageError				
assets/res/raw-assets/8f/8fec4428-032b-4550-9d37-2498008fd8ce.png	10262	8cb6710db2645bd3d04ff35210b8c61899008a4b27a984452e7f15e7f3d4fdcf	error:UnidentifiedImageError				
assets/res/raw-assets/90/903b873f-dc01-4ece-8c63-93ab3a6d4e54.jpeg	478012	ef14c17c156b96d469df03eb665b4e71726a63892d5428b3c6a25e0dc49572f9	JPEG	1080	2340	RGB	1
assets/res/raw-assets/91/9140c7d6-d53c-4652-bd77-65acf6fad39b.png	14499	9601f3321f60e3ab873667dcae0427a520eedaa856321e56b322cea0fddfb2f9	error:UnidentifiedImageError				
assets/res/raw-assets/92/9299f60d-2cd9-4a9d-8291-d6d18e005c73.png	27379	d903908cd9631cbd48e4c80e99d166321300bf1446072e63ec35ed73d16cf27f	error:UnidentifiedImageError				
assets/res/raw-assets/93/931501b2-d632-4318-9027-0a61e40cf7f9.png	12217	98305d7d44a891c0979c2b413596dd62c33f2394f91d6d594dce1a34fc2f5045	error:UnidentifiedImageError				
assets/res/raw-assets/94/943d3783-e4d3-4219-b945-8e2133e48229.png	5399	fdeeac4129035f72c69eb5551d5cdfe5fbd26af17fc9f9c2f55ec355e8608e9a	error:UnidentifiedImageError				
assets/res/raw-assets/95/956b3cf9-2f13-4850-9ba5-7b90a630c8b2.png	7099	c085af64d11782414f2e18aa74b036af0a0db02246dcef2911a111e9b6723921	error:UnidentifiedImageError				
assets/res/raw-assets/96/96144146-e10a-471b-b893-ef01aaa21669.png	2459	200d3eead4a4255bfd162f721689ecdb547fc7a229ffcee9600984e3ef00f52c	error:UnidentifiedImageError				
assets/res/raw-assets/98/989a623e-1a44-44f7-8dbd-65b87d656a1a.png	17884	abe2c1d04cc80b90586cd464c76b9f8e31103ea011a4ddd5137f29b0a2fa56fe	error:UnidentifiedImageError				
assets/res/raw-assets/99/991777b8-cd38-4d30-a239-c0b4ec9697e4.png	191626	17cca006b583a8e371a76b5b07d13fe43cd4adb1c2c0cb1616c60048a3e8018a	error:UnidentifiedImageError				
assets/res/raw-assets/99/999bd4d9-db8f-4a07-801a-780c9bb1575a.png	97059	e30e3522b0710f813c24189707e1492ae5dfe933a8cd2b6bc74326563a68b3e1	error:UnidentifiedImageError				
assets/res/raw-assets/9a/9a30cf08-ceaa-4433-bc49-8c3f472ab697.png	33432	391c8f4d04c050e9330fa069a5017fd3cea1d04846266bf0392af9d24d3a4966	error:UnidentifiedImageError				
assets/res/raw-assets/9c/9c08f79d-ff4c-4c64-8e88-0ef6619fb73c.png	7187	4d2d54baa514152ee261defaa073b6dfa796496c95d725fd8289f9051a725c9e	error:UnidentifiedImageError				
assets/res/raw-assets/9c/9c53e074-20e2-47c4-a91d-85d3b10d9f47.png	26114	48f9499260d7c9750ead568f524879cf6bd13d7c95ee0c6d1d9b4e2f9d03a80a	error:UnidentifiedImageError				
assets/res/raw-assets/9d/9d4278a9-1084-4a1e-8398-0c5ba2d9b710.png	2080	395aaed40b4a486c7135559573b381e1a485b007de00dbb93b3eabcdd666d44e	error:UnidentifiedImageError				
assets/res/raw-assets/9e/9eb098ef-c99d-416b-a581-b1b3719e6f92.png	68968	0660959cc95004fe1159efa6b13b64c69aeba3e63d2ed812a8a6eda5b358b7ab	error:UnidentifiedImageError				
assets/res/raw-assets/9f/9f19a6c5-bb9d-4c9d-95da-4952ceb6b2ff.png	11852	0521222437be20ddf4d5aca510b69ea23fbc22a9f23827d44be16298c538b2cd	error:UnidentifiedImageError				
assets/res/raw-assets/a0/a01f8a68-6e25-47cd-b01b-707d81763646.jpg	178905	c42a325a86730ebfd680892c75ccdff23ece00e4bbe69197a84be489313203c8	JPEG	1080	2340	RGB	1
assets/res/raw-assets/a0/a06b7e78-e772-43e2-ad2d-e6b729501a5c.png	33492	2f7d6ad126344691a92c58775c3a8326e818726b7522746c19eb7f91ce01ce54	error:UnidentifiedImageError				
assets/res/raw-assets/a3/a325970c-736a-493c-8c85-9564bcdbab02.png	3887	df23c276a0b4a732c0dba82698b709960e908aa61dc6a1423ce4585d2cc5495c	error:UnidentifiedImageError				
assets/res/raw-assets/a5/a5ccd464-39bf-40fc-a4f1-a967e091e3f1.png	36194	2af83c0d5894fb83d82c74b498a934a8a89de70ed6fbb984b7cd4fd6b0545b35	error:UnidentifiedImageError				
assets/res/raw-assets/a8/a8df4d98-ba70-45b6-88f3-3067980463b2.png	133815	10a8e16de6cd2b386ba2f74a5f5f92d44cdf00ca2e17c4f9131ad4077fe3db10	error:UnidentifiedImageError				
assets/res/raw-assets/a9/a93f3fe8-86ff-4cbe-8261-955d49cd78b2.png	137486	7c2439fd82fd957d0524b4c1c1977cbfb8c2247b82ad3ec745fd7dd08229b0fa	error:UnidentifiedImageError				
assets/res/raw-assets/ab/ab4ba300-96f7-4f26-984c-167c0df4f679.png	193764	3982cbf078c514ce775a4d2c178339dcf631d7276b7d9e0628c0ffb17b3cc58c	error:UnidentifiedImageError				
assets/res/raw-assets/ab/ab4f0706-ee3c-46c2-9244-3804da18be5c.png	97532	49dfb7a8fe1ea50a321923f7f2417de1fc21b15f40ad87cc54a1f5be50be4351	error:UnidentifiedImageError				
assets/res/raw-assets/af/af2eee1e-5811-4642-a18a-41ccb504a44c.png	79959	4c00c259977881d521c145723f654224408d8415b05d118220d04676fb08bf4e	error:UnidentifiedImageError				
assets/res/raw-assets/af/af920e9f-5ca9-4ca9-b585-eb1dee008541.png	62069	9b3690490d227ea6724c8a71af8519052f74f187a151371b07b307bd82803929	error:UnidentifiedImageError				
assets/res/raw-assets/b0/b01c73af-7dd5-47f6-b90e-d38924e5fd58.png	16787	556f5a833c5d737c9e67c952803ed6c09faeead6d51e406dca3c0fe30069bd33	error:UnidentifiedImageError				
assets/res/raw-assets/b1/b1a7c847-dcbf-42c9-9990-93518e29e2a1.png	334854	1748592ba89acb7f5f8ad2ce9d19d0508be5e4db3dbb0ece227f69b5ed648fa5	error:UnidentifiedImageError				
assets/res/raw-assets/b2/b2c1d479-718d-4c04-b79b-0bf783aefe3b.png	181940	23e47c355fb0f3693c7c247d13cb5ef7d6c46fba23f8a723d3066bc72f052b0f	error:UnidentifiedImageError				
assets/res/raw-assets/b4/b43ff3c2-02bb-4874-81f7-f2dea6970f18.png	1115	1852fa3a3f2ea2d92a2f6895fbf828f7b293df8172cc4f9b8680c8072dcf65b9	error:UnidentifiedImageError				
assets/res/raw-assets/b5/b5411440-7560-4c88-b5ae-b427274aad7d.png	2606	29581beb9cbc8db5314549849216637917bec5dd5eb04f10cdc42b5560c87e14	error:UnidentifiedImageError				
assets/res/raw-assets/b5/b5bfaf9b-1faa-466c-953f-a5fc9d3c23e4.png	8961	e0c4964a769b7f6fa1174c4489964c1c5b0be6a3e333d766f063694d1b2a0c22	error:UnidentifiedImageError				
assets/res/raw-assets/b6/b605b42f-5fca-4d21-b466-a443de834883.png	10365	32fdfb7f9373c9a072bc618a6c620d93a0b32fe3d31e4df87eb7eb67560bb823	error:UnidentifiedImageError				
assets/res/raw-assets/b6/b6a08375-3d12-4e76-9046-64468705291f.png	35819	2f08d5248d5c6a5107b897d39687f0dc0e3185937bc042712c8f119f362d2901	error:UnidentifiedImageError				
assets/res/raw-assets/bb/bb525ea6-fc29-4c99-85b4-d83e39402555.png	8324	98aa78131be3ad7d1d0750b40c73308acaebd32ac3fb65779036ab769cae2c9f	error:UnidentifiedImageError				
assets/res/raw-assets/bc/bc5027ab-5976-4e8c-8309-66969b2de86e.png	9599	6465c84341a9cf3e264df2d4ba7cf4c9c89cf64ef27a3d33811ce1ea118c230c	error:UnidentifiedImageError				
assets/res/raw-assets/be/be14347d-e3d1-4da2-bc1f-2db4177f3dc7.png	6117	1212bc8f54b98e54c395f739ae2a169f2146f3116fc9ea40d8e8ed0861fb2e1f	error:UnidentifiedImageError				
assets/res/raw-assets/be/be3817ab-e442-4357-ae46-dd22cd2b11f8.png	2139	a7d138361bb449979b05a14762006ed2928f83e0942f2b780ccd402b3e75e85f	error:UnidentifiedImageError				
assets/res/raw-assets/c1/c18df571-46dc-46cb-886c-b0f0606a14c1.png	193075	6c77f2b6378f59e610ee7db60a5487654195ed38f7c8bd58e67f88191e8a82a0	error:UnidentifiedImageError				
assets/res/raw-assets/c3/c3817814-3c33-49f2-b9d9-225d3f822b2a.png	93775	bb6b0dc7fb42da5f9edbd7158a33d069219e8df2943d09d4da41fde030da055c	error:UnidentifiedImageError				
assets/res/raw-assets/c3/c3f0a0e8-b38f-46f6-986c-c93a8cfd18d1.png	217740	8956d7b3231ecf8fa2d990cf3a52c05cc91f49ad927649b79122b774fd30aef5	error:UnidentifiedImageError				
assets/res/raw-assets/c4/c4398e52-c728-4b70-8c4f-f7ee9ff97996.png	20780	8a2af27b7025ed7b84d4e1c43ff4806485ed7dd1d123d668301eda53c63952c7	error:UnidentifiedImageError				
assets/res/raw-assets/c6/c632c579-5e6b-481d-8a25-d66b555fb6c4.png	583563	f1afd010034f63e37789f6bae4e0b3c66f9ffaa31f75bd030f379f408f5eac9d	error:UnidentifiedImageError				
assets/res/raw-assets/c8/c8ff4fd9-16b9-4161-916c-3e71bb26add3.png	203337	2cb8001e09943d752864f4caafbeda869af64c40f67082b30e47ad7098d563c0	error:UnidentifiedImageError				
assets/res/raw-assets/c9/c93d9724-5c77-4c63-9ffe-9f52ae9ff490.png	4985	ed38afcc500927595899d2f18a260e167aeed7bf9e76261a6a3e315fef65a202	error:UnidentifiedImageError				
assets/res/raw-assets/c9/c9cdf861-2a96-43d0-9608-547895121a5a.png	8472	88484b5514d7b2a7962295e33d1331d900b9a3270db9b83cd3ad0890c5aee9d3	error:UnidentifiedImageError				
assets/res/raw-assets/cc/cc10eefa-0c0c-4cc5-a6dd-dea67e83d01a.png	10592	be3869358f1dfca829fe25f9e32f92f2ff58984d6ac2c462cb9c7e26a4738424	error:UnidentifiedImageError				
assets/res/raw-assets/cc/cc334795-ac12-4918-8440-b3d1d67bb83b.png	33777	3f6de98b4662306875aa6e1c21c909be989a51a5f72f23b1d9c2527b675209cc	error:UnidentifiedImageError				
assets/res/raw-assets/cf/cfef78f1-c8df-49b7-8ed0-4c953ace2621.png	1141	c2277aad3b6552570f40fc46351b2f887f5b5ced0e6ed3d82bb32c576e60bb2b	error:UnidentifiedImageError				
assets/res/raw-assets/d0/d0a82d39-bede-46c4-b698-c81ff0dedfff.png	1440	4e72176086babd7b7a978da5e0438e2069f91a5608210e937df1d670cbb43bac	error:UnidentifiedImageError				
assets/res/raw-assets/d0/d0cf8c7f-33f7-4e9e-a42c-63901f8c44ea.png	180504	d285928b20b55db558361f8c70102e3e14b45aaaab122ca5fb372f980680338c	error:UnidentifiedImageError				
assets/res/raw-assets/d0/d0db6819-cc9f-4b88-9dc9-4a53ff9d169a.png	371	32e3fa95e5caa1fed41cd042716dd774ea96930a05eb72e6022a2e0493f44c20	error:UnidentifiedImageError				
assets/res/raw-assets/d3/d35dfacb-82a1-42c2-92cb-51ce0c3e918b.png	47405	153624ee32d631df1817618a786bd3c418217de54578d7ae0ac7432507a82c11	error:UnidentifiedImageError				
assets/res/raw-assets/d4/d49c668a-28de-421c-acd6-67a9899d1f04.png	30109	4ae6074713b03de3e026665e18e42b188c892867b9e46adc3f288cb812e21a84	error:UnidentifiedImageError				
assets/res/raw-assets/d6/d6d3ca85-4681-47c1-b5dd-d036a9d39ea2.png	1048	0912545699b7de1c82cd765df040d32fc7850a032a6c61db1759da104f798f7d	error:UnidentifiedImageError				
assets/res/raw-assets/d8/d81ec8ad-247c-4e62-aa3c-d35c4193c7af.png	159	6dd8106dcc07246b3cb4d339fa4b5ca0e0d9572626e9b3007be2774137ffc234	error:UnidentifiedImageError				
assets/res/raw-assets/d8/d8401f6f-0024-4248-86dc-d6f0afd4ba4e.png	19504	c5844aea9140b5bd8a42328d5e8ff53643fc333dc875385d9b4951eb6fbe6655	error:UnidentifiedImageError				
assets/res/raw-assets/d9/d9cb6124-4a47-4eef-a0c0-0cf12c362715.png	126618	ee8b74dbc10f44ed05045f8821402ce254b6eee0bb448c232ddbe00dcd237791	error:UnidentifiedImageError				
assets/res/raw-assets/da/daea1933-6981-4541-a137-e60cf86cbddb.png	1881	66053c5d4648eb43e1ec9634fc3a6b670476c38603938de13fe85e16c42bacdc	error:UnidentifiedImageError				
assets/res/raw-assets/dd/dd367d69-79a0-4d39-9a24-d7b45db7a4e7.png	28838	f9ad17b9768b6a118046b95f9b18e282b712150c1a66627446a13588d6d7faa7	error:UnidentifiedImageError				
assets/res/raw-assets/de/de33989e-77ab-4a9d-b459-f52259eb97d0.png	242995	8dbecc81a7c33675b2c3562c89ef78d78e9c85de8ac903d2d96c9887da105096	error:UnidentifiedImageError				
assets/res/raw-assets/de/de4d55cc-d8c5-4360-a7e1-0358bc7f208e.png	39798	74f20cfa5ed557fffabf8116334ea92563e6408831f62331592a05f551437875	error:UnidentifiedImageError				
assets/res/raw-assets/de/deaa336c-97f3-488f-868f-b7064d5e0c58.png	8291	0d174478452e01a6044ff091d3b9983a866ae7f9d2e9231f379b60723583700b	error:UnidentifiedImageError				
assets/res/raw-assets/df/df2b2682-475f-4e9b-afe7-fc2b9e766f13.png	9894	15358d622474d36a012138ec78ea7cbec64dd10331f0805365c1274ae5e70a50	error:UnidentifiedImageError				
assets/res/raw-assets/e2/e244a94b-527d-4a00-aa45-ddf38e050603.png	226448	b0d7c3052759bf815df744d6981c248ee8c2e159f942bb2cbab5847e27328f71	error:UnidentifiedImageError				
assets/res/raw-assets/e2/e2aee4e2-801c-4eb9-9721-a7716119d88a.png	76947	9f7ad0648dbfeb3d1f4230401dda0ac52788d3da86ee024ee002e8e6228bd560	error:UnidentifiedImageError				
assets/res/raw-assets/e2/e2fc92a6-34dd-468a-9e15-3101ad9a1405.png	79543	f291e5aca921f70a5d00e0a941a162ea9c14bdb6204ce10cc9c5d8a8454dd633	error:UnidentifiedImageError				
assets/res/raw-assets/e4/e47082d1-7475-44fb-b22d-5bafad594e00.png	43764	00e64a7e913386f0baf94d9609b835a69beaea6bfd4f84253f766bfa853e977e	error:UnidentifiedImageError				
assets/res/raw-assets/e4/e4dea3cf-607f-428f-8c6a-e8d41bc1b15b.png	143021	0892bd6a3b86fc97a5650c9c61319c7aa26088c5d1962405af1f8d8fe28a79e4	error:UnidentifiedImageError				
assets/res/raw-assets/e6/e6862cf6-6209-4560-b1b1-23371caa232f.png	43226	27829882f77f8b811b8e41f594f66354bada6ac46049991c47f0f0a56b98fe1e	error:UnidentifiedImageError				
assets/res/raw-assets/e7/e7345331-4e0a-42ef-ac6a-fe8a324fbba1.png	2379	4e49e09a0b632ecc07b092642ae56f5a1eab34d92534e634f9afd8b518e58d81	error:UnidentifiedImageError				
assets/res/raw-assets/e7/e7829c92-f5a5-409a-af90-b7b3fb4fb886.png	31736	7e5b3b58e1dea3c817967fee8aa45c323736b24ed44a68de5ac365c0ffb6af4d	error:UnidentifiedImageError				
assets/res/raw-assets/e7/e7dd6327-3107-43ac-88bb-0b54522ce513.png	8761	aa587a425e9d3a787bc972737e9dedb38ebc832f54740c2bdc6fff0e5a64967f	error:UnidentifiedImageError				
assets/res/raw-assets/e8/e851e89b-faa2-4484-bea6-5c01dd9f06e2.png	1083	325105ccabfc6ac9f30f967930095c74ad2def5ff13f61ab463ccd4dbc353cea	error:UnidentifiedImageError				
assets/res/raw-assets/e8/e8765cb2-9bb8-498a-a632-4942c46f26b9.png	21112	9d77b7468c2e838c88be2647473e1ddb387d138ba6675b0021910fea782e5d25	error:UnidentifiedImageError				
assets/res/raw-assets/e8/e87e25d9-4c2e-4f28-9a99-26d064b60361.png	106925	2a2b6463ab87258f73e3423a32f1a1843d0215c8099f1491aa57ded7f18c5282	error:UnidentifiedImageError				
assets/res/raw-assets/e8/e8e6fa07-7519-4a4c-bb37-2298b93cd241.png	289034	331cee6adf3fa31b4cfa8e2f846cb4f8fd46cbb232b78aa07e75d400ceed4ab9	error:UnidentifiedImageError				
assets/res/raw-assets/eb/eb5613f5-13a5-4427-94ea-3224f02dfb7f.png	13377	b15875f6e757fbc001a388e01daa49b44a2a3fc36b2cd89676b8e7352eaf9d58	error:UnidentifiedImageError				
assets/res/raw-assets/ed/edd215b9-2796-4a05-aaf5-81f96c9281ce.png	1039	67a907f0a69b43daec2b99acf3eaa52cd0a04c64754b5a551579b6399aa76841	error:UnidentifiedImageError				
assets/res/raw-assets/ee/ee903b4f-61dc-47e6-8c9d-b1ee21b4022d.png	94140	def0c052d7f76d8b676c64e5d84b485b35e515ba7190d1448ac59ecd830b9259	error:UnidentifiedImageError				
assets/res/raw-assets/ee/eeba7468-abad-459e-8600-ff60241b977a.png	5061	50de3117f806a13ce7ebd287f60508a4530555d9dcaaf421991f58d54a7abddc	error:UnidentifiedImageError				
assets/res/raw-assets/f2/f2d32d73-6233-400b-ba45-8b7ae4ddf582.png	625	a1793ee14d778ac7e56806f28134b3419990c5c63e8ddd565c7f84576936f811	error:UnidentifiedImageError				
assets/res/raw-assets/f2/f2ffce72-3c85-43f4-9eda-978f629ee492.png	2415	55d4f08044b0284d77986a389fb16215b787e3cb9fa5ab1f32529e707e72dd37	error:UnidentifiedImageError				
assets/res/raw-assets/f4/f41c2176-0690-4225-afd7-7149258069bf.png	6795	72b3b4e08ea3d388ad41ba556af015b089a6d506e5e5645722f2c9a20015a8a1	error:UnidentifiedImageError				
assets/res/raw-assets/f9/f92ea7c7-1438-46b5-9e02-3d876912b89e.png	189798	6cb95d7cbaed56043032acb801683031005b4f61f445d44dfe946a4d3f93325c	error:UnidentifiedImageError				
assets/res/raw-assets/fa/fa5c662b-c0db-4175-bdd3-bb5f4bb98014.png	1002	cdf9658b23f37dc30cd45070d56b975e6104d9539b2789d92940d3c7652bb201	error:UnidentifiedImageError				
assets/res/raw-assets/fa/fad1c25b-4cac-401c-a214-131d6edffb95.png	514297	55e4248d236d130cb327b706e3bdc4de9295ec63bf73c27c0994eb3f8731a10e	error:UnidentifiedImageError				
assets/res/raw-assets/fa/fae81c59-2e3c-4e8b-8d28-fb592f93aba0.png	23832	371f31f25c27535781b4a34f8656248282f814ffcfb2f9392eac4243afe8cfd8	error:UnidentifiedImageError				
assets/res/raw-assets/fb/fbc82027-8a9a-4a9f-bd71-a42c02a1d18d.png	15689	2a66a897aa97b7ff7484a2e76ced5307a94da2e20825e6c7f506647ed85b247d	error:UnidentifiedImageError				
assets/res/raw-assets/fd/fd5d19ef-5f66-4e8a-a58e-d96ce5146e26.png	21648	0e94b4fb68c4707d84ddac2f9cf51f29247fc5eb10650a1e5d6a0e6c156ef090	error:UnidentifiedImageError				
assets/res/raw-assets/fd/fdcf23c1-a10a-4e64-91f9-cc14848b3e63.png	4828	6c28cde7bcc5562a2f9eb9b31d97dd5494f5edf8751caa7c801ffca1e508c1ca	error:UnidentifiedImageError				
assets/res/raw-assets/ff/ff300957-62be-43ec-b422-60ec076ee818.png	70942	4d95746daaf59d65de82a9915df17848c2b87ebc2ed548b296a751dce8cb019e	error:UnidentifiedImageError				
res/-p.png	982	90c44675525e290332f7dba6adb97c7af3b8299e56cf5211e893d0e1dec41547	PNG	36	36	RGBA	1
res/2K.9.png	225	42aee0b03883e94df5e543348a397d1302c1b8221895871a83b81899f5a9647b	PNG	12	12	RGB	1
res/5c.png	138	b44eeda34d7a529c2fe55719eb098fa29707caa91d18de06a7a775d6e6bcf973	PNG	30	30	RGB	1
res/7R.png	516	6083523032ab5df9e6cb82e4ff3d48af7738900a2e9b23d991beaa2eba7862e9	PNG	36	36	LA	1
res/9w.png	4603	521097a55a1a1f3617d7f5b849d937a315c27a3df16654878d0f4d4e422e28d9	PNG	48	48	RGBA	1
res/C_.9.png	215	a8676a1793ac8310ffb12986232df66df092d29c242aeedc2b73556c010d38dc	PNG	8	8	L	1
res/Dd.png	281	7c1e1629c95fb2603fbdeab93a8fbf30b9c80be11ef483d497f8a88e8f67bd6b	PNG	18	18	LA	1
res/Eh.png	410	f73508090d3e6bbc3e39ba768e71855aad52ecaaaccda676d43a1860010cc557	PNG	27	27	LA	1
res/FS.png	11447	adc0f20123e65e1a02c6524702714967efc1032462820086db000476badc50e7	PNG	96	96	RGBA	1
res/Ma.9.png	247	d27af435101ca4cbec0c840bd30687918cd39eb83aab1487420855623a45998b	PNG	16	16	RGB	1
res/RJ.png	19058	0ec453fba610f820750d0b3fa336784e5c621b23cf775f567318d36db509b694	PNG	144	144	RGBA	1
res/Tv.png	4226	1a7472436ca9b61f1719acb6c4f1b0b0bdae1c3c07a2f6bd9d5368cda63540b2	PNG	48	48	RGBA	1
res/U-.9.png	223	e17761ed280edd93d7141bd504b70f9e9e15a8652288d9e6333bf4ce964ef844	PNG	8	8	RGB	1
res/VZ.png	1642	26b6e79c113b055f67aedcd2449f4ece12870c9482d11f5a85e55fd3d8468885	PNG	24	24	RGBA	1
res/ZI.png	681	e8e2fecfbf111cc5ef65dbb6c7395a5ae16a68f7e0922738d0c802b26e866e49	PNG	96	96	RGBA	1
res/_p.png	1441	549a81cda776769840f37f184d34eb673ff9e5c0671c67172818e91273753e1a	PNG	54	54	RGBA	1
res/f9.png	562	788a3b9472e9a46e1b6b68d918cd1571914b732e93aab014d77f20be5374e9de	PNG	18	18	RGBA	1
res/fw.png	7136	14dc8f5be540775a31081754aea740abe7c0b1f37512ff656e7f3a5115792a11	PNG	72	72	RGBA	1
res/gK.9.png	215	2f7fbda0ba6e53e9a47e2fc0e24e32c447c613a5808c2d6285dc651e83a07ad7	PNG	8	8	L	1
res/gl.png	2928	6c74f519af359a392fea5655f13c0a9c16beddd6ce3629538ce7f1c34b9b6b05	PNG	36	36	RGBA	1
res/iQ.png	489	e816dc0998f4ee90d7b630f17e16fcc2e72d91078c5315adaac4bc2da4c226d7	PNG	128	128	P	1
res/iW.png	808	f221f962a62c954a11b1734e9631fc8531e34bee557665fea864aa4386e25e39	PNG	27	27	RGBA	1
res/je.9.png	212	21f0b55280be10b187ceff8edef4a5a7047683e6e9fcf47de410aa3839f41094	PNG	12	12	L	1
res/o_.9.png	252	20343222f9f79dd565c3a2248494d452e70820ac1c437173c38badd45f962afd	PNG	16	16	RGB	1
res/pY.png	107	8430ec003e003f3f2ba2f78d48fd150e25407667e530e82e87a7d4841c0fd676	PNG	14	14	RGB	1
res/s4.png	98	0d773e62c756422313262846c787e58f67e0ee87e45e1ae9942002e816c4cb9e	PNG	15	15	RGB	1
res/sA.9.png	212	0c6328c7b2420570a7ec38b3beb3bac9a29d895ac1ab7239315aba7266418593	PNG	12	12	L	1
res/vL.9.png	223	99c14d6855b8be296d58017d3751b8dc849c47b6d1d80ab614ff9075080e461b	PNG	8	8	RGB	1
res/vo.png	727	5db3ab4d30063b5e8fa63ae2993f83efd0af71d6526b3a1468f9e3bf891af587	PNG	54	54	LA	1
res/wN.9.png	225	18b328d8017e677d5aad3dbd66bae356b5cac978c6f0670938ea648e51d0eb66	PNG	12	12	RGB	1
res/xa.9.png	221	3e09afa21c45372c035598c017c8fb405a6d678e6cb84dc857581cb3b40e482d	PNG	16	16	L	1
res/yn.png	7837	f453717940ed7475bd1455eb4843b773405b726abb32236c100b71f1ec21e46a	PNG	72	72	RGBA	1
res/z-.9.png	221	559bf783d765c02338e97952bdc9c6689c7ff99090b8c9813369118da8b080f0	PNG	16	16	L	1
res/zu.png	1091	37558c932d02cefcd512303c3b6a78a84c97a2af59eb01537444f2bae1677dc1	PNG	160	56	P	1
