path	bytes	sha256	id3_bytes	frames_sampled	sample_rate	bitrate_kbps	mpeg_version	estimated_duration_s	first_frame_hex
assets/res/raw-assets/b0/b071d29e-c201-4adb-b97a-7b2f5a35f228.mp3	7772	10d2689e38009124c73e92d6b8e0c54e05634d4a683e7d16e9cca73f3b91c98c	32	1	24000	40	2	0.024	fff35864
assets/res/raw-assets/5b/5b2c6d7e-eed9-44f0-9d90-fac4eb445101.mp3	7772	1073c7e5d9e597122e48a486d7fcad6a10b9e512b34dc6e1a11f9957cd87b678	32	1	24000	40	2	0.024	fff35864
assets/res/raw-assets/20/206b8163-d2b9-4ce7-a864-e9ac16ed88d6.mp3	12884	ee7bbeb71cd2e7f63b61e46b0df23b18fe5ac5015931f7c5eafded01149f2f36	32	4	44100	56	1	0.104	fffb48c4
assets/res/raw-assets/73/73518c6d-138a-4727-ba1d-48715fc457b3.mp3	13014	02b5ad0a7f7fe510e96333df93903e10bae15b1156d59ed5f92b1caeb0df5c70	32	10	24000	56	2	0.24	fff37064
assets/res/raw-assets/49/4938c469-f59b-484b-8a01-cc4da60c3658.mp3	11876	b40c9c948ded42152042651ea7f714518f285b5ff91ad71bc2022e1571c7c9a5	32	11	44100	56	1	0.287	fffb48c4
assets/res/raw-assets/9a/9a0475fe-44ba-4439-95ae-813be5af0179.mp3	8312	b2e22a0cd9c0e5b73e7afc216a0115c5bbadc64a9391dc32f4910deea7750fe5	32	1	24000	40	2	0.024	fff35864
assets/res/raw-assets/76/7675c344-e8d6-4103-ad9f-04f4b8c4b4ab.mp3	42080	ff31ca25f87cf35ef35b08ed2965d6482979876c667388a0fbffd8d01c357bf3	32	2	44100	64	1	0.052	fffb58c4
assets/res/raw-assets/dc/dc91f57c-243f-47ca-8323-0f5812eb9a28.mp3	11232	ed8cbe0bf31840238fd49b17dd081bfbbf7e565248a033ed29d28446613261eb	0	54	44100	64	1	1.411	fffb50c0
assets/res/raw-assets/cd/cd11d4b1-2b3f-4e52-8ce6-1625c091d928.mp3	7772	8ff5fe9a5c39de460970155a7027feb23dd982cca386f3a065b74cb2b5edfb2d	32	1	24000	40	2	0.024	fff35864
assets/res/raw-assets/24/2404dc24-6a00-478c-a59a-f826d8d2a7ea.mp3	7772	d432f7e5bcc5d21f49c833a56ccd5f53b80c6a4620b90527c59322365142150c	32	1	24000	40	2	0.024	fff35864
assets/res/raw-assets/5b/5ba67114-af07-4c3d-82f8-1fcfafdb1aa4.mp3	21632	3a12b4431e554b11ae9989c4cf0731450e213446feed82b8a4ff0e1d17fc3755	32	2	44100	64	1	0.052	fffb58c4
assets/res/raw-assets/40/40802965-9576-4167-be6d-58c932d24aab.mp3	55985	94dfa17a34694d0406c9dd51441eded3b2a2f823dd4a49c692e3b8e515f54250	32	18	24000	56	2	0.432	fff37064
assets/res/raw-assets/42/425ba3ac-1e96-49d8-907e-82b23b061459.mp3	13892	510b660d76f39f3b02c497052da093608a9ebe3c1750e7d1e20aadeb9809fd7c	32	4	44100	56	1	0.104	fffb48c4
assets/res/raw-assets/ea/ead386f4-c82f-4357-b610-1e62f5192995.mp3	7772	9d4aebac4f422bce4181d8bf79884d3701bb75617fee75db1bc653950cbbb551	32	1	24000	40	2	0.024	fff35864
assets/res/raw-assets/e2/e2e2206c-98e3-4df0-ac4a-a3b46a89a124.mp3	15908	307f59bf5aad2fcf3cefe5c3d1e7dc29b71e08151e0af9b6c7f507f0476fcc05	32	2	44100	56	1	0.052	fffb48c4
assets/res/raw-assets/e4/e4cef059-8212-43c8-b4d0-2946bce4251d.mp3	7772	0e2f80e829ec3dd974f3b397c92847b241af352755614fb5d40bdda87a20d0d2	32	1	24000	40	2	0.024	fff35864
assets/res/raw-assets/42/42972b68-d128-4e1e-8744-9075a22e689f.mp3	7772	29da20a9c35e16f8deb1e0e29a9a4033d89835e4f2d8129854a98caa3caea88f	32	1	24000	40	2	0.024	fff35864
assets/res/raw-assets/9f/9f262a8e-7d7e-4a6e-86e2-893abb3d26ed.mp3	7772	f0316cdee8c6e3535e4e731b7d033c6e96d6d2a6dc385b2420ba87b901745a66	32	1	24000	40	2	0.024	fff35864
assets/res/raw-assets/28/281db701-ddcd-4ea7-8278-8f0e5086010f.mp3	7772	2cf66523cbc997215e6f6ac13f7805e4b68ec9ef6019a06601fe3afcb3b84b94	32	1	24000	40	2	0.024	fff35864
assets/res/raw-assets/3d/3d336aa4-910c-45be-9cfa-0a3956f9ba26.mp3	139285	6e6bb375857ec90b7ab62a6f58934280cdc456906c7bbb4e7de571950ba3af50	7710	629	44100	64	1	16.431	fffb50c4
assets/res/raw-assets/69/6924c498-cf3d-4dac-bdd6-38828fd7b43c.mp3	7149	829843dce00ea987850d90e955e44462f61a1dcfa605192b3cd17ee0ace10128	45	17	44100	128	1	0.444	fffb9000
assets/res/raw-assets/9a/9aac7cd0-bc03-4516-aacb-c41019fe69cf.mp3	4175	e9431d237a14fe072f50c90b1020f5dd682ab4ab88130fce939ab05c154d4315	0	5	44100	256	1	0.131	fffbd040
assets/res/raw-assets/45/45065e04-fa0c-4419-9f85-22da7e661844.mp3	7985	6054d139ab57ba8f68374d09f7a8450439ee4ab3073821684a33819a7d1410a3	45	19	44100	128	1	0.496	fffb9000
assets/res/raw-assets/f0/f052fd1e-38f0-41a9-8d0d-802c239cac14.mp3	7772	4996b64e3769a587bc6e747f618e71bfaf83dde3f3d3a55a6f7f810b43b39b06	32	1	24000	40	2	0.024	fff35864
assets/res/raw-assets/40/405146ae-e5fe-4e06-8ee7-dd2d1e9ea3ba.mp3	7772	e3fad162b58229aad091886825b660cc4f09c73762f1ae40b75c117d86c010cc	32	1	24000	40	2	0.024	fff35864
assets/res/raw-assets/75/752e6c8e-79d7-4c8d-ac13-b858c30ff60b.mp3	25839	0e6ddec19adce9d18cb1eb40dc52a467f8bd3996e79db1cd86d194b455021c42	6319	101	24000	64	2	2.424	fff38464
assets/res/raw-assets/26/2687d2c1-ef2f-4e7f-8fe3-5a700c93df87.mp3	7772	03a96f05b21f49751e29e06036ca2014ff375c0f10e664361eb5fad04384fdfa	32	1	24000	40	2	0.024	fff35864
assets/res/raw-assets/2a/2a3d3668-f6a5-44e7-87ee-bb9cc4d9f89f.mp3	2496	98324535fc2747091af976b3645eb009900bcde368f565e4a2af33c14dbb2458	0	12	44100	64	1	0.313	fffb50c0
assets/res/raw-assets/9f/9fc6cd89-69db-4aed-8e6a-06c1476c5158.mp3	7772	5dc29539e2e6cdd8a237b0a1b16ef69f1eefb327e72d6f58d144aab7bf9facfd	32	1	24000	40	2	0.024	fff35864
assets/res/raw-assets/b0/b0449e19-2cb1-425f-9bc1-7623f12939d8.mp3	26466	bd8ce7d76866fc67b1f5c2b28f78edf01215ca3d1b371908b774d198cc173c25	8968	2	24000	56	2	0.048	fff37064
assets/res/raw-assets/50/50de9776-ed22-4044-87ee-dd33670609b9.mp3	7772	c8c9de60c0cdb54103ec6b7dd76d4bbcf39b0b1a81ef7d1a08747de99cbdfc9a	32	1	24000	40	2	0.024	fff35864
assets/res/raw-assets/82/821cbf1f-5892-43d2-8c14-eb22811bcf47.mp3	14648	78cc03e888e697a8045ad91ea6bb7ddf6f9171240827a4c14ca3e79c782dd5b8	32	5	44100	56	1	0.131	fffb48c4
assets/res/raw-assets/37/37044175-e779-40dc-b36d-e548b0425c74.mp3	7772	115dadfe55758954af05409a3eeaea349ca0fd088ddb8dc1b58713d8d82619ba	32	1	24000	40	2	0.024	fff35864
assets/res/raw-assets/6f/6fa22766-cfe3-457c-b820-ba6581001ec1.mp3	7923	1296f97bde9a2fcc1c3f053d9413552d5a7d8354d5e372970ce98d80ae8fd91a	0	19	44100	128	1	0.496	fffb9040
assets/res/raw-assets/dc/dcbbd31e-9fa7-445d-88d6-6432f0c434de.mp3	15208	8b84b575e4d2aa53e5c5f738c06af1bc23ac162e5f99708754a236286bcd1a97	32	3	24000	56	2	0.072	fff37064
assets/res/raw-assets/74/74531c05-b12a-4e1d-a985-237819f9f4b4.mp3	7772	4013468ed0676236e35a7d2a8943d57b595e4e2d586de27610ced8a0efdb0516	32	1	24000	40	2	0.024	fff35864
assets/res/raw-assets/3a/3a300bb4-3d87-4aa6-b012-ad5f9bbe868e.mp3	7772	ab1e1af03627c47f2d42a5b503d1d20bdc3907431276a5f0ca0571d8088e4b08	32	1	24000	40	2	0.024	fff35864
assets/res/raw-assets/d9/d9d2540d-f48c-4982-babc-6a4e36f20528.mp3	12831	f0d7c9f8c99110c9e413bc3583cc3d0d59d8a01b6adaad09d7e796ec50966a87	32	24	24000	56	2	0.576	fff37064
assets/res/raw-assets/b8/b832a34b-37cb-46ee-9623-3e1e42079a7f.mp3	10112	04f756b0786770899fade71ee567053e95bcaf0df9d592044d8c1a27ba4a9539	32	2	44100	56	1	0.052	fffb48c4
assets/res/raw-assets/b7/b760b684-c793-45b0-b2be-546dc694ae5c.mp3	20204	905d5a4b62eed5c0a934152c58a84ca07554196d2336ae11cf5f40e25034f5e7	7224	2	44100	56	1	0.052	fffb48c4
assets/res/raw-assets/c5/c56f543c-39ee-4022-93c2-e8bc1db156ef.mp3	7772	91fe4951e5123baee98181c492281e8a26bbe05d88bce6d1f37540fd73698115	32	1	24000	40	2	0.024	fff35864
assets/res/raw-assets/0d/0d662cce-9724-4d0d-957c-96ac4ecd18b5.mp3	7772	8c2250cc97e78a23ef779604c1adda2047aaa7d2176afb54b478a1efc95d41b8	32	1	24000	40	2	0.024	fff35864
assets/res/raw-assets/3d/3d167ddd-08d4-4f72-999d-6d56ff809c6c.mp3	7772	2d4a34b0ead2e301db787904e9154b7104cc1a52552e1641bef0266c0c07956b	32	1	24000	40	2	0.024	fff35864
assets/res/raw-assets/d3/d3b204f6-bf8d-47a2-9ee7-69d2082cf8bf.mp3	7772	75bdd28416526c86b4f3edd07b18832ceca0184025feea71a6c57cd258620beb	32	1	24000	40	2	0.024	fff35864
assets/res/raw-assets/92/928049f6-b144-4038-a96a-e6c2d3549f76.mp3	7088	7836bc1349ce9dd8037681fbec641c95d97d345c5c9af3724b4d7ddd1e43ecab	32	2	44100	56	1	0.052	fffb48c4
assets/res/raw-assets/11/11a0f766-4443-4ebe-85b9-0fdfef55157a.mp3	8312	0ac98e4ba710a3eded6211f4c63da486e95dd6c168f36ce4a631c3f362132d43	32	1	24000	40	2	0.024	fff35864
assets/res/raw-assets/d0/d027c5a9-3567-4bf3-86c1-d8ca69b0f4a1.mp3	14144	e9249135a14b5b25bfa7bde08033143d479bceac8918520250ab51c3ad0bf650	32	3	44100	64	1	0.078	fffb58c4
assets/res/raw-assets/dc/dccb9783-9e9d-465a-94c9-203da94b1a25.mp3	7772	a597eda8e976cd74f9f6716f53b01595389dec260c73c4d5ac8e83cdca1c6798	32	1	24000	40	2	0.024	fff35864
assets/res/raw-assets/2d/2d0ef9d2-19b8-4c62-a4a2-2bbbd15dc2c4.mp3	20696	81c53b959a184ee5b1f34a4afe67be8cf09f4f438bba8c13fd863df32d9d7fb8	32	2	44100	56	1	0.052	fffb48c4
assets/res/raw-assets/7b/7be8e857-ef0b-471f-a9bc-1ccf670efef0.mp3	22172	3aa18a985c5379e27110ad1f97a0d3d97cc2e325979b0b56f550f19611eb6aff	32	3	24000	40	2	0.096	fff35864
assets/res/raw-assets/fe/fea05297-0671-4956-ae09-ed5ac2be6a36.mp3	7772	7db900fd8a2be92d0f6c3282b3108206aadb7c4e4500df633fc743cf1edbdf33	32	1	24000	40	2	0.024	fff35864
assets/res/raw-assets/2e/2ef76439-d492-43a0-b430-c245cae9efaf.mp3	7772	8ab3e60e7beb6ee20ba1133149cd698f269551da9cf9cf42ecd261dc54e8f7af	32	1	24000	40	2	0.024	fff35864
assets/res/raw-assets/fd/fd6a332a-8045-42e5-a415-dd843fd1974e.mp3	15152	9f9c3224a605355d3db4fc5e002a93d77d98c28edfef90f90747e7a5233907c8	32	5	44100	56	1	0.131	fffb48c4
assets/res/raw-assets/ca/ca168d3a-b322-41c9-a90c-4064fb8f45e9.mp3	7772	b1d2e13fe5bc1cd80e478c3e4c585ee7af841db682a9af2829f5bc0a2e6b3280	32	1	24000	40	2	0.024	fff35864
assets/res/raw-assets/73/732004f9-7731-4034-9a5d-bc5707600a02.mp3	14900	bbc3a756bdd50b3e2452f8facdc17c80f4a6326bbbef9760006fdcf13f0091b1	32	13	44100	56	1	0.34	fffb48c4
